MFCode,indexcode,indexname,weightage
33369,154,NIFTY 50 - TRI,
20447,174,BSE SENSEX - TRI,
21520,312,NIFTY 500 - TRI,
1273,450,NIFTY 50 Hybrid Composite Debt 50:50 Index,
1305,349,Nifty Midcap 150 - TRI,
1131,312,NIFTY 500 - TRI,
2747,301,CRISIL Hybrid 35+65 - Aggressive Index,
4980,314,NIFTY 100 - TRI,
1979,277,Nifty 50 Arbitrage,
2828,446,Nifty Liquid Fund Index,
1286,42,CRISIL Liquid Debt Index,
12758,350,Nifty Smallcap 250 - TRI,
1470,415,CRISIL Hybrid 50+50 - Moderate Index,
1495,326,NIFTY 200 - TRI,65.0
1495,433,NIFTY Composite Debt Index,25.0
1495,65,Gold-India,6.0
1495,519,iCOMDEX Composite Index,3.0
1495,199,Silver,1.0
33150,154,NIFTY 50 - TRI,
1977,349,Nifty Midcap 150 - TRI,
7874,312,NIFTY 500 - TRI,
1492,312,NIFTY 500 - TRI,
2711,300,BSE 100 - TRI,
293,446,Nifty Liquid Fund Index,
1659,42,CRISIL Liquid Debt Index,
33151,174,BSE SENSEX - TRI,
2272,154,NIFTY 50 - TRI,
2809,379,BSE 500 - TRI,
2466,534,Nifty500 Multicap 50:25:25 - TRI,
1482,301,CRISIL Hybrid 35+65 - Aggressive Index,
2455,300,BSE 100 - TRI,
3267,420,CRISIL Money Market Index,
9767,366,NIFTY LargeMidcap 250 - TRI,
4457,314,NIFTY 100 - TRI,
2709,277,Nifty 50 Arbitrage,
2573,349,Nifty Midcap 150 - TRI,
2060,446,Nifty Liquid Fund Index,
1331,314,NIFTY 100 - TRI,
2817,379,BSE 500 - TRI,
1690,445,Nifty Money Market Index,
1119,420,CRISIL Money Market Index,
8029,446,Nifty Liquid Fund Index,
2774,420,CRISIL Money Market Index,
32097,450,NIFTY 50 Hybrid Composite Debt 50:50 Index,
4455,377,BSE 250 Small Cap - TRI,
8241,278,NIFTY Corporate Bond Index,
7885,377,BSE 250 Small Cap - TRI,
2637,446,Nifty Liquid Fund Index,
1999,420,CRISIL Money Market Index,
8408,312,NIFTY 500 - TRI,
22533,349,Nifty Midcap 150 - TRI,
7925,278,NIFTY Corporate Bond Index,
8250,300,BSE 100 - TRI,
2801,366,NIFTY LargeMidcap 250 - TRI,
27621,337,Nifty CPSE - TRI,
1467,277,Nifty 50 Arbitrage,
13049,374,BSE 150 MidCap - TRI,
20803,154,NIFTY 50 - TRI,
2815,379,BSE 500 - TRI,
447,314,NIFTY 100 - TRI,
42140,312,NIFTY 500 - TRI,
394,420,CRISIL Money Market Index,
876,350,Nifty Smallcap 250 - TRI,
3590,446,Nifty Liquid Fund Index,
453,278,NIFTY Corporate Bond Index,
2069,366,NIFTY LargeMidcap 250 - TRI,
1704,415,CRISIL Hybrid 50+50 - Moderate Index,
1500,435,NIFTY Low Duration Debt Index,
33536,312,NIFTY 500 - TRI,
2271,366,NIFTY LargeMidcap 250 - TRI,
21651,350,Nifty Smallcap 250 - TRI,
3461,312,NIFTY 500 - TRI,
523,366,NIFTY LargeMidcap 250 - TRI,
44421,518,NIFTY BHARAT Bond Index - April 2030,
40450,278,NIFTY Corporate Bond Index,
1114,435,NIFTY Low Duration Debt Index,
1311,370,NIFTY 50 Hybrid Composite Debt 65:35 Index,
2167,277,Nifty 50 Arbitrage,
3641,154,NIFTY 50 - TRI,
1608,366,NIFTY LargeMidcap 250 - TRI,
445,312,NIFTY 500 - TRI,
2787,500,CRISIL Liquid Overnight Index,
3212,42,CRISIL Liquid Debt Index,
2789,349,Nifty Midcap 150 - TRI,
2628,445,Nifty Money Market Index,
46405,534,Nifty500 Multicap 50:25:25 - TRI,
1024,65,Gold-India,
7889,717,Nifty 50 Arbitrage - TRI,
708,42,CRISIL Liquid Debt Index,
2799,379,BSE 500 - TRI,
2848,174,BSE SENSEX - TRI,
1682,443,Nifty Short Duration Debt Index,
1129,312,NIFTY 500 - TRI,
1103,277,Nifty 50 Arbitrage,
468,434,NIFTY Ultra Short Duration Debt Index,
12633,154,NIFTY 50 - TRI,
7914,420,CRISIL Money Market Index,
21218,445,Nifty Money Market Index,
30127,174,BSE SENSEX - TRI,
1340,446,Nifty Liquid Fund Index,
735,349,Nifty Midcap 150 - TRI,
2169,379,BSE 500 - TRI,
950,312,NIFTY 500 - TRI,100.0
950,60,NIFTY 500,0.0
45336,534,Nifty500 Multicap 50:25:25 - TRI,
46093,534,Nifty500 Multicap 50:25:25 - TRI,
1971,443,Nifty Short Duration Debt Index,
11925,728,CRISIL Short Duration Debt Index,
2066,350,Nifty Smallcap 250 - TRI,
45492,379,BSE 500 - TRI,
265,278,NIFTY Corporate Bond Index,
40623,450,NIFTY 50 Hybrid Composite Debt 50:50 Index,
745,312,NIFTY 500 - TRI,
39949,367,CRISIL Ultra Short Term Debt Index,
38865,277,Nifty 50 Arbitrage,
43349,349,Nifty Midcap 150 - TRI,
714,377,BSE 250 Small Cap - TRI,
1329,312,NIFTY 500 - TRI,
22139,350,Nifty Smallcap 250 - TRI,
2843,728,CRISIL Short Duration Debt Index,
8217,300,BSE 100 - TRI,
12454,434,NIFTY Ultra Short Duration Debt Index,
38252,566,BSE Bharat 22 Index - TRI,
1995,434,NIFTY Ultra Short Duration Debt Index,
31896,278,NIFTY Corporate Bond Index,
31896,512,NIFTY AAA Short Duration Bond Index,
2785,367,CRISIL Ultra Short Term Debt Index,
2832,368,CRISIL Low Duration Debt Index,
716,366,NIFTY LargeMidcap 250 - TRI,
27622,277,Nifty 50 Arbitrage,
1677,534,Nifty500 Multicap 50:25:25 - TRI,
3728,728,CRISIL Short Duration Debt Index,
4637,312,NIFTY 500 - TRI,
12938,277,Nifty 50 Arbitrage,
2667,312,NIFTY 500 - TRI,
31230,436,NIFTY 50 Equity Savings Index,
8499,433,NIFTY Composite Debt Index,
38080,366,NIFTY LargeMidcap 250 - TRI,
440,435,NIFTY Low Duration Debt Index,
1695,408,BSE TECk Index - TRI,
1694,312,NIFTY 500 - TRI,
1032,446,Nifty Liquid Fund Index,
2240,446,Nifty Liquid Fund Index,
4573,697,CRISIL Long Duration Debt Index,
42342,377,BSE 250 Small Cap - TRI,
1623,154,NIFTY 50 - TRI,
952,283,Nifty Smallcap 250,
952,350,Nifty Smallcap 250 - TRI,
8262,312,NIFTY 500 - TRI,
26481,312,NIFTY 500 - TRI,
7554,446,Nifty Liquid Fund Index,
7727,435,NIFTY Low Duration Debt Index,
44146,312,NIFTY 500 - TRI,
20747,449,NIFTY Banking and PSU Debt Index,
526,379,BSE 500 - TRI,
16903,449,NIFTY Banking and PSU Debt Index,
45008,523,NIFTY BHARAT Bond Index - April 2031,
38212,312,NIFTY 500 - TRI,
42350,350,Nifty Smallcap 250 - TRI,
3067,349,Nifty Midcap 150 - TRI,
7912,450,NIFTY 50 Hybrid Composite Debt 50:50 Index,
3626,300,BSE 100 - TRI,
15557,312,NIFTY 500 - TRI,
948,349,Nifty Midcap 150 - TRI,
948,442,Nifty Midcap 150,
1052,445,Nifty Money Market Index,
42803,366,NIFTY LargeMidcap 250 - TRI,
938,312,NIFTY 500 - TRI,100.0
938,60,NIFTY 500,0.0
7747,379,BSE 500 - TRI,
642,312,NIFTY 500 - TRI,
2754,447,Nifty All Duration G-Sec Index,
2155,293,Nifty 1D Rate Index,
611,349,Nifty Midcap 150 - TRI,
7594,42,CRISIL Liquid Debt Index,
3628,349,Nifty Midcap 150 - TRI,
48655,584,Nifty India Manufacturing - TRI,
8488,443,Nifty Short Duration Debt Index,
889,312,NIFTY 500 - TRI,
35242,350,Nifty Smallcap 250 - TRI,
33727,310,NIFTY IT - TRI,
41653,500,CRISIL Liquid Overnight Index,
42062,293,Nifty 1D Rate Index,
24741,349,Nifty Midcap 150 - TRI,
635,301,CRISIL Hybrid 35+65 - Aggressive Index,
2137,42,CRISIL Liquid Debt Index,
1117,500,CRISIL Liquid Overnight Index,
513,301,CRISIL Hybrid 35+65 - Aggressive Index,
3790,349,Nifty Midcap 150 - TRI,
1097,443,Nifty Short Duration Debt Index,
46127,577,NIFTY BHARAT Bond Index - April 2032,
12319,65,Gold-India,
287,443,Nifty Short Duration Debt Index,
1962,314,NIFTY 100 - TRI,
8080,449,NIFTY Banking and PSU Debt Index,
1126,370,NIFTY 50 Hybrid Composite Debt 65:35 Index,
2615,367,CRISIL Ultra Short Term Debt Index,
48896,317,NIFTY ENERGY - TRI,
39531,415,CRISIL Hybrid 50+50 - Moderate Index,
48474,317,NIFTY ENERGY - TRI,
13397,104,Nasdaq-100,
2646,278,NIFTY Corporate Bond Index,
2782,154,NIFTY 50 - TRI,
2858,366,NIFTY LargeMidcap 250 - TRI,
4270,379,BSE 500 - TRI,
5736,330,Nifty Financial Services - TRI,
3644,312,NIFTY 500 - TRI,
35207,697,CRISIL Long Duration Debt Index,
2797,371,NIFTY 50 Hybrid Composite Debt 15:85 Index,
44426,518,NIFTY BHARAT Bond Index - April 2030,
45007,522,NIFTY BHARAT Bond Index - April 2025,
871,312,NIFTY 500 - TRI,
871,534,Nifty500 Multicap 50:25:25 - TRI,
2796,379,BSE 500 - TRI,45.0
2796,40,CRISIL Composite Bond Index,40.0
2796,65,Gold-India,10.0
2796,199,Silver,5.0
36744,278,NIFTY Corporate Bond Index,
2654,415,CRISIL Hybrid 50+50 - Moderate Index,
33228,301,CRISIL Hybrid 35+65 - Aggressive Index,
41518,500,CRISIL Liquid Overnight Index,
45335,312,NIFTY 500 - TRI,
5183,449,NIFTY Banking and PSU Debt Index,
45898,565,Nifty PSU Bond Plus SDL Sep 2027 40:60 Index,
45732,564,Nifty SDL Plus PSU Bond Sep 2026 60:40 Index,
46199,199,Silver,
47653,312,NIFTY 500 - TRI,
41944,293,Nifty 1D Rate Index,
2854,277,Nifty 50 Arbitrage,
7600,379,BSE 500 - TRI,
2621,368,CRISIL Low Duration Debt Index,
7741,65,Gold-India,
887,349,Nifty Midcap 150 - TRI,
45947,583,Nifty CPSE Bond Plus SDL Sep 2026 50:50 Index,
3096,366,NIFTY LargeMidcap 250 - TRI,
2662,312,NIFTY 500 - TRI,
2664,728,CRISIL Short Duration Debt Index,
2659,391,BSE Health Care - TRI,
3098,312,NIFTY 500 - TRI,
2641,379,BSE 500 - TRI,
3660,277,Nifty 50 Arbitrage,
1625,350,Nifty Smallcap 250 - TRI,
12635,174,BSE SENSEX - TRI,
30125,330,Nifty Financial Services - TRI,
30690,560,NIFTY 50 Equity Savings Index - TRI,
6688,42,CRISIL Liquid Debt Index,
45362,534,Nifty500 Multicap 50:25:25 - TRI,
48028,312,NIFTY 500 - TRI,65.0
48028,443,Nifty Short Duration Debt Index,25.0
48028,65,Gold-India,5.0
48028,199,Silver,5.0
45342,554,Nifty200 Momentum 30 - TRI,
2566,443,Nifty Short Duration Debt Index,
1713,415,CRISIL Hybrid 50+50 - Moderate Index,
12328,65,Gold-India,
42898,312,NIFTY 500 - TRI,
1629,166,BSE India Infrastructure Index - TRI,
2235,366,NIFTY LargeMidcap 250 - TRI,
31224,370,NIFTY 50 Hybrid Composite Debt 65:35 Index,
931,24,NIFTY 100,
931,314,NIFTY 100 - TRI,
489,312,NIFTY 500 - TRI,
11889,165,NIFTY NEXT 50 - TRI,
46381,588,Nifty SDL Apr 2027 Top 12 Equal Weight Index,
2050,65,Gold-India,
2158,278,NIFTY Corporate Bond Index,
1512,435,NIFTY Low Duration Debt Index,
267,311,NIFTY BANK - TRI,
30046,379,BSE 500 - TRI,
430,301,CRISIL Hybrid 35+65 - Aggressive Index,
2906,379,BSE 500 - TRI,
40339,377,BSE 250 Small Cap - TRI,
2259,374,BSE 150 MidCap - TRI,
2452,319,Nifty Infrastructure - TRI,
946,60,NIFTY 500,
946,312,NIFTY 500 - TRI,
48899,312,NIFTY 500 - TRI,
1112,312,NIFTY 500 - TRI,
1606,447,Nifty All Duration G-Sec Index,
45388,537,Nifty PSU Bond Plus SDL Apr 2026 50:50 Index,
2445,330,Nifty Financial Services - TRI,
8032,435,NIFTY Low Duration Debt Index,
41900,500,CRISIL Liquid Overnight Index,
47918,312,NIFTY 500 - TRI,
21538,451,NIFTY Credit Risk Bond Index,
6305,312,NIFTY 500 - TRI,
7433,379,BSE 500 - TRI,
30097,277,Nifty 50 Arbitrage,
2947,366,NIFTY LargeMidcap 250 - TRI,
46214,199,Silver,
29356,434,NIFTY Ultra Short Duration Debt Index,
957,312,NIFTY 500 - TRI,100.0
957,60,NIFTY 500,0.0
1499,349,Nifty Midcap 150 - TRI,
26169,379,BSE 500 - TRI,50.0
26169,57,MSCI World,20.0
26169,44,CRISIL Short Term Bond Index,15.0
26169,65,Gold-India,10.0
26169,199,Silver,5.0
24803,312,NIFTY 500 - TRI,
32077,584,Nifty India Manufacturing - TRI,
2778,430,NIFTY Medium Duration Debt Index,
45412,692,CRISIL IBX Gilt Index - June 2027,
5926,42,CRISIL Liquid Debt Index,
45476,534,Nifty500 Multicap 50:25:25 - TRI,
46585,634,Nifty India Defence - TRI,
2075,312,NIFTY 500 - TRI,
45197,312,NIFTY 500 - TRI,
2273,165,NIFTY NEXT 50 - TRI,
30760,277,Nifty 50 Arbitrage,
2321,301,CRISIL Hybrid 35+65 - Aggressive Index,
3437,301,CRISIL Hybrid 35+65 - Aggressive Index,
47283,670,NIFTY BHARAT Bond Index - April 2033,
631,278,NIFTY Corporate Bond Index,
748,300,BSE 100 - TRI,
2902,435,NIFTY Low Duration Debt Index,
31642,312,NIFTY 500 - TRI,
409,323,Nifty India Consumption - TRI,
2766,316,NIFTY MNC - TRI,
2669,366,NIFTY LargeMidcap 250 - TRI,
417,349,Nifty Midcap 150 - TRI,
36398,391,BSE Health Care - TRI,
4453,312,NIFTY 500 - TRI,
12456,727,CRISIL Credit Risk Debt Index,
7934,445,Nifty Money Market Index,
2044,416,CRISIL Banking and PSU Debt Index,
6075,379,BSE 500 - TRI,
23913,449,NIFTY Banking and PSU Debt Index,
7143,40,CRISIL Composite Bond Index,
7143,65,Gold-India,
7143,298,BSE 200 - TRI,
2323,446,Nifty Liquid Fund Index,
48065,445,Nifty Money Market Index,
41322,104,Nasdaq-100,
32901,436,NIFTY 50 Equity Savings Index,
277,366,NIFTY LargeMidcap 250 - TRI,
17588,312,NIFTY 500 - TRI,
36401,534,Nifty500 Multicap 50:25:25 - TRI,
39515,278,NIFTY Corporate Bond Index,
1667,430,NIFTY Medium Duration Debt Index,
13656,416,CRISIL Banking and PSU Debt Index,
1309,560,NIFTY 50 Equity Savings Index - TRI,
2752,427,NIFTY100 ESG - TRI,
17625,435,NIFTY Low Duration Debt Index,
46367,379,BSE 500 - TRI,
30020,311,NIFTY BANK - TRI,
42577,312,NIFTY 500 - TRI,
698,166,BSE India Infrastructure Index - TRI,
13017,370,NIFTY 50 Hybrid Composite Debt 65:35 Index,
38439,165,NIFTY NEXT 50 - TRI,
45991,438,NIFTY Long Duration Debt Index,
43788,402,BSE PSU - TRI,
695,420,CRISIL Money Market Index,
3662,450,NIFTY 50 Hybrid Composite Debt 50:50 Index,
48253,584,Nifty India Manufacturing - TRI,
48388,350,Nifty Smallcap 250 - TRI,
9252,402,BSE PSU - TRI,
48061,379,BSE 500 - TRI,
48475,324,NIFTY AUTO - TRI,
45426,541,Nifty SDL Apr 2026 Top 20 Equal Weight Index,
47093,433,NIFTY Composite Debt Index,
47093,717,Nifty 50 Arbitrage - TRI,
1441,312,NIFTY 500 - TRI,
48471,293,Nifty 1D Rate Index,
48901,534,Nifty500 Multicap 50:25:25 - TRI,
477,377,BSE 250 Small Cap - TRI,
3237,349,Nifty Midcap 150 - TRI,
40559,350,Nifty Smallcap 250 - TRI,
2743,319,Nifty Infrastructure - TRI,
47272,534,Nifty500 Multicap 50:25:25 - TRI,
621,445,Nifty Money Market Index,
16672,366,NIFTY LargeMidcap 250 - TRI,
1706,326,NIFTY 200 - TRI,
45013,523,NIFTY BHARAT Bond Index - April 2031,
44511,350,Nifty Smallcap 250 - TRI,
22142,449,NIFTY Banking and PSU Debt Index,
14666,202,Gold-London Bullion Market association (LBMA),
3650,304,CRISIL Short Term Debt Hybrid 60+40 Index,
19247,408,BSE TECk Index - TRI,
41174,154,NIFTY 50 - TRI,
916,449,NIFTY Banking and PSU Debt Index,
482,408,BSE TECk Index - TRI,
33325,154,NIFTY 50 - TRI,
1307,154,NIFTY 50 - TRI,65.0
1307,433,NIFTY Composite Debt Index,25.0
1307,65,Gold-India,10.0
2656,433,NIFTY Composite Debt Index,
41798,367,CRISIL Ultra Short Term Debt Index,
31025,312,NIFTY 500 - TRI,
3449,304,CRISIL Short Term Debt Hybrid 60+40 Index,
48041,446,Nifty Liquid Fund Index,
46370,534,Nifty500 Multicap 50:25:25 - TRI,
14561,42,CRISIL Liquid Debt Index,
15381,65,Gold-India,
15772,443,Nifty Short Duration Debt Index,
1973,312,NIFTY 500 - TRI,
46128,577,NIFTY BHARAT Bond Index - April 2032,
45422,688,CRISIL IBX Gilt Index - April 2028,
37849,329,Nifty Services Sector - TRI,
38263,21,BSE 200,50.0
38263,44,CRISIL Short Term Bond Index,50.0
38263,450,NIFTY 50 Hybrid Composite Debt 50:50 Index,
31189,312,NIFTY 500 - TRI,
14314,323,Nifty India Consumption - TRI,
47416,21,BSE 200,65.0
47416,44,CRISIL Short Term Bond Index,25.0
47416,65,Gold-India,5.0
47416,199,Silver,5.0
45488,154,NIFTY 50 - TRI,50.0
45488,433,NIFTY Composite Debt Index,40.0
45488,65,Gold-India,10.0
40482,434,NIFTY Ultra Short Duration Debt Index,
3533,434,NIFTY Ultra Short Duration Debt Index,
42701,366,NIFTY LargeMidcap 250 - TRI,
42706,500,CRISIL Liquid Overnight Index,
16071,213,Russell 3000 Growth Index,
46079,444,CRISIL Corporate Bond Index,
37759,330,Nifty Financial Services - TRI,
4256,534,Nifty500 Multicap 50:25:25 - TRI,
3574,500,CRISIL Liquid Overnight Index,
45058,379,BSE 500 - TRI,
927,312,NIFTY 500 - TRI,
48489,534,Nifty500 Multicap 50:25:25 - TRI,
8004,449,NIFTY Banking and PSU Debt Index,
3082,301,CRISIL Hybrid 35+65 - Aggressive Index,
3361,445,Nifty Money Market Index,
45009,522,NIFTY BHARAT Bond Index - April 2025,
1956,366,NIFTY LargeMidcap 250 - TRI,
49051,323,Nifty India Consumption - TRI,
37922,377,BSE 250 Small Cap - TRI,
3454,312,NIFTY 500 - TRI,
34199,301,CRISIL Hybrid 35+65 - Aggressive Index,
2813,391,BSE Health Care - TRI,
30043,311,NIFTY BANK - TRI,
44648,21,BSE 200,65.0
44648,519,iCOMDEX Composite Index,20.0
44648,44,CRISIL Short Term Bond Index,15.0
2040,447,Nifty All Duration G-Sec Index,
2042,447,Nifty All Duration G-Sec Index,
702,367,CRISIL Ultra Short Term Debt Index,
48089,534,Nifty500 Multicap 50:25:25 - TRI,
2660,301,CRISIL Hybrid 35+65 - Aggressive Index,
38444,349,Nifty Midcap 150 - TRI,
729,728,CRISIL Short Duration Debt Index,
46112,586,Nifty SDL Apr 2027 Index,
38735,42,CRISIL Liquid Debt Index,
44958,521,S&P 500 - TRI,
2805,419,CRISIL Dynamic Bond Index,
1278,430,NIFTY Medium Duration Debt Index,
45927,450,NIFTY 50 Hybrid Composite Debt 50:50 Index,
425,316,NIFTY MNC - TRI,
48902,326,NIFTY 200 - TRI,
3462,312,NIFTY 500 - TRI,
36395,360,Nifty100 Low Volatility 30 - TRI,
43968,312,NIFTY 500 - TRI,
48299,312,NIFTY 500 - TRI,
49477,779,CRISIL-IBX Financial Services 3 to 6 Months Debt Index,
48947,154,NIFTY 50 - TRI,
44435,311,NIFTY BANK - TRI,
869,298,BSE 200 - TRI,65.0
869,519,iCOMDEX Composite Index,20.0
869,44,CRISIL Short Term Bond Index,15.0
874,366,NIFTY LargeMidcap 250 - TRI,
42784,293,Nifty 1D Rate Index,
933,297,NIFTY LargeMidcap 250,
933,366,NIFTY LargeMidcap 250 - TRI,
3283,336,Nifty500 Shariah - TRI,
3435,632,Nifty Transportation & Logistics - TRI,
3286,728,CRISIL Short Duration Debt Index,
46769,374,BSE 150 MidCap - TRI,
24150,330,Nifty Financial Services - TRI,
48892,634,Nifty India Defence - TRI,
44397,314,NIFTY 100 - TRI,
45614,154,NIFTY 50 - TRI,
45753,445,Nifty Money Market Index,
25872,415,CRISIL Hybrid 50+50 - Moderate Index,
3052,350,Nifty Smallcap 250 - TRI,
37918,450,NIFTY 50 Hybrid Composite Debt 50:50 Index,
46532,598,Nifty AAA CPSE Bond Plus SDL Apr 2027 60:40 Index,
39283,312,NIFTY 500 - TRI,
1298,371,NIFTY 50 Hybrid Composite Debt 15:85 Index,
48206,312,NIFTY 500 - TRI,40.0
48206,57,MSCI World,20.0
48206,433,NIFTY Composite Debt Index,20.0
48206,65,Gold-India,15.0
48206,519,iCOMDEX Composite Index,5.0
8469,154,NIFTY 50 - TRI,
45260,535,Nasdaq-100 - TRI,
7483,422,CRISIL Dynamic Gilt Index,
3656,728,CRISIL Short Duration Debt Index,
3205,368,CRISIL Low Duration Debt Index,
881,319,Nifty Infrastructure - TRI,
45945,379,BSE 500 - TRI,
32455,275,Nifty 10 yr Benchmark G-Sec,
15655,107,S&P 500 ,
14108,65,Gold-India,
1615,371,NIFTY 50 Hybrid Composite Debt 15:85 Index,
44983,277,Nifty 50 Arbitrage,
1909,42,CRISIL Liquid Debt Index,
44630,520,Russell 1000 Equal Weighted Technology Index,
17164,379,BSE 500 - TRI,
3601,435,NIFTY Low Duration Debt Index,
3406,446,Nifty Liquid Fund Index,
41946,323,Nifty India Consumption - TRI,
42119,348,Nifty Private Bank - TRI,
34871,560,NIFTY 50 Equity Savings Index - TRI,
46979,632,Nifty Transportation & Logistics - TRI,
14148,65,Gold-India,
19166,323,Nifty India Consumption - TRI,
46001,374,BSE 150 MidCap - TRI,
2051,302,CRISIL Hybrid 85+15 - Conservative Index,
42597,434,NIFTY Ultra Short Duration Debt Index,
42597,443,Nifty Short Duration Debt Index,
47480,534,Nifty500 Multicap 50:25:25 - TRI,
45379,542,NYSE FANG+ TRI,
31950,366,NIFTY LargeMidcap 250 - TRI,
36002,391,BSE Health Care - TRI,
32451,311,NIFTY BANK - TRI,
47946,44,CRISIL Short Term Bond Index,45.0
47946,379,BSE 500 - TRI,35.0
47946,65,Gold-India,19.0
47946,199,Silver,1.0
46390,590,Nifty SDL Apr 2032 Top 12 Equal Weight Index,
1269,447,Nifty All Duration G-Sec Index,
12811,154,NIFTY 50 - TRI,
48102,450,NIFTY 50 Hybrid Composite Debt 50:50 Index,
7922,301,CRISIL Hybrid 35+65 - Aggressive Index,
47596,312,NIFTY 500 - TRI,
30398,379,BSE 500 - TRI,
43927,312,NIFTY 500 - TRI,85.0
43927,509,MSCI ACWI Information Technology Index - TRI,15.0
500,534,Nifty500 Multicap 50:25:25 - TRI,
3722,321,NIFTY PSU BANK - TRI,
7864,166,BSE India Infrastructure Index - TRI,
7864,272,BSE India Infrastructure Index,
3617,300,BSE 100 - TRI,
41999,328,NIFTY COMMODITIES - TRI,
35459,270,Nifty 8-13 yr G-Sec,
46445,312,NIFTY 500 - TRI,
44328,434,NIFTY Ultra Short Duration Debt Index,
2270,379,BSE 500 - TRI,
48147,534,Nifty500 Multicap 50:25:25 - TRI,
45373,312,NIFTY 500 - TRI,
33726,330,Nifty Financial Services - TRI,
6197,418,CRISIL Medium to Long Term Debt Index,
45338,302,CRISIL Hybrid 85+15 - Conservative Index,
5430,433,NIFTY Composite Debt Index,
7455,433,NIFTY Composite Debt Index,
2370,534,Nifty500 Multicap 50:25:25 - TRI,
46472,312,NIFTY 500 - TRI,
3634,316,NIFTY MNC - TRI,
39122,391,BSE Health Care - TRI,
31778,312,NIFTY 500 - TRI,
46864,697,CRISIL Long Duration Debt Index,
46625,450,NIFTY 50 Hybrid Composite Debt 50:50 Index,
7683,417,CRISIL Medium Duration Debt Index,
33563,311,NIFTY BANK - TRI,
48169,312,NIFTY 500 - TRI,
45510,379,BSE 500 - TRI,
46678,314,NIFTY 100 - TRI,
37709,444,CRISIL Corporate Bond Index,
45867,534,Nifty500 Multicap 50:25:25 - TRI,
48460,312,NIFTY 500 - TRI,65.0
48460,65,Gold-India,25.0
48460,443,Nifty Short Duration Debt Index,10.0
43915,366,NIFTY LargeMidcap 250 - TRI,
2644,323,Nifty India Consumption - TRI,
34434,311,NIFTY BANK - TRI,
23,314,NIFTY 100 - TRI,
44399,350,Nifty Smallcap 250 - TRI,
48488,314,NIFTY 100 - TRI,
3281,314,NIFTY 100 - TRI,
8463,312,NIFTY 500 - TRI,
41176,558,Nifty Microcap 250 - TRI,
45685,312,NIFTY 500 - TRI,
12860,154,NIFTY 50 - TRI,
4253,166,BSE India Infrastructure Index - TRI,
46941,649,CRISIL IBX Gilt Index - June 2036,
30248,165,NIFTY NEXT 50 - TRI,
29550,277,Nifty 50 Arbitrage,
46107,584,Nifty India Manufacturing - TRI,
33728,323,Nifty India Consumption - TRI,
44504,350,Nifty Smallcap 250 - TRI,
43810,349,Nifty Midcap 150 - TRI,
4228,319,Nifty Infrastructure - TRI,
48491,326,NIFTY 200 - TRI,
49691,312,NIFTY 500 - TRI,
44506,310,NIFTY IT - TRI,
43809,312,NIFTY 500 - TRI,
48512,415,CRISIL Hybrid 50+50 - Moderate Index,
14559,379,BSE 500 - TRI,
48040,534,Nifty500 Multicap 50:25:25 - TRI,
40028,349,Nifty Midcap 150 - TRI,
14885,65,Gold-India,
30426,232,Crisil 10 Yr Gilt Index,
594,319,Nifty Infrastructure - TRI,
46546,599,Nifty Housing - TRI,
48135,312,NIFTY 500 - TRI,
3367,312,NIFTY 500 - TRI,
47580,312,NIFTY 500 - TRI,
47284,670,NIFTY BHARAT Bond Index - April 2033,
40232,295,BSE Bharat 22 Index,
45387,569,Nifty PSU Bond Plus SDL Apr 2027 50:50 Index,
30671,450,NIFTY 50 Hybrid Composite Debt 50:50 Index,
49046,316,NIFTY MNC - TRI,
999,301,CRISIL Hybrid 35+65 - Aggressive Index,100.0
45999,589,CRISIL IBX SDL Index - May 2027,
5437,420,CRISIL Money Market Index,
3379,312,NIFTY 500 - TRI,
38179,359,NIFTY50 Equal Weight - TRI,
4186,434,NIFTY Ultra Short Duration Debt Index,
3254,166,BSE India Infrastructure Index - TRI,
2770,451,NIFTY Credit Risk Bond Index,
3582,319,Nifty Infrastructure - TRI,
45683,104,Nasdaq-100,
172,349,Nifty Midcap 150 - TRI,
48199,534,Nifty500 Multicap 50:25:25 - TRI,
48468,298,BSE 200 - TRI,65.0
48468,443,Nifty Short Duration Debt Index,20.0
48468,65,Gold-India,10.0
48468,199,Silver,5.0
44987,379,BSE 500 - TRI,
48724,496,BSE Liquid Rate Index,
15379,421,CRISIL Hybrid 25+75 - Aggressive Index,
47994,44,CRISIL Short Term Bond Index,50.0
47994,312,NIFTY 500 - TRI,40.0
47994,65,Gold-India,5.0
47994,199,Silver,5.0
399,447,Nifty All Duration G-Sec Index,
45141,312,NIFTY 500 - TRI,
46971,652,CRISIL IBX Gilt Index - April 2029,
45863,594,Nifty SDL Plus G-Sec Jun 2028 70:30 Index,
48809,312,NIFTY 500 - TRI,
49893,504,NIFTY200 Quality 30 - TRI,
46622,312,NIFTY 500 - TRI,
31581,270,Nifty 8-13 yr G-Sec,
865,370,NIFTY 50 Hybrid Composite Debt 65:35 Index,
48063,366,NIFTY LargeMidcap 250 - TRI,
1968,418,CRISIL Medium to Long Term Debt Index,
48465,312,NIFTY 500 - TRI,65.0
48465,443,Nifty Short Duration Debt Index,25.0
48465,65,Gold-India,7.5
48465,199,Silver,2.5
45174,330,Nifty Financial Services - TRI,
15380,312,NIFTY 500 - TRI,
48252,312,NIFTY 500 - TRI,65.0
48252,443,Nifty Short Duration Debt Index,25.0
48252,65,Gold-India,5.0
48252,199,Silver,5.0
7869,146,MSCI Golden Dragon Index (Total Return Net),
6291,447,Nifty All Duration G-Sec Index,
405,418,CRISIL Medium to Long Term Debt Index,
46587,445,Nifty Money Market Index,
3564,65,Gold-India,
25167,420,CRISIL Money Market Index,
2253,435,NIFTY Low Duration Debt Index,
5836,42,CRISIL Liquid Debt Index,
1517,315,NIFTY FMCG - TRI,
2776,418,CRISIL Medium to Long Term Debt Index,
49801,329,Nifty Services Sector - TRI,
45496,542,NYSE FANG+ TRI,
45985,165,NIFTY NEXT 50 - TRI,
2896,379,BSE 500 - TRI,
4609,435,NIFTY Low Duration Debt Index,
47567,379,BSE 500 - TRI,
46106,402,BSE PSU - TRI,
12461,65,Gold-India,
9078,154,NIFTY 50 - TRI,
48959,312,NIFTY 500 - TRI,
39625,445,Nifty Money Market Index,
37338,165,NIFTY NEXT 50 - TRI,
8136,430,NIFTY Medium Duration Debt Index,
41323,350,Nifty Smallcap 250 - TRI,
48220,391,BSE Health Care - TRI,
302,433,NIFTY Composite Debt Index,
35122,496,BSE Liquid Rate Index,
43785,314,NIFTY 100 - TRI,
2860,300,BSE 100 - TRI,
7876,300,BSE 100 - TRI,
49840,433,NIFTY Composite Debt Index,65.0
49840,717,Nifty 50 Arbitrage - TRI,35.0
46224,450,NIFTY 50 Hybrid Composite Debt 50:50 Index,
693,422,CRISIL Dynamic Gilt Index,
46506,596,CRISIL IBX 50:50 Gilt Plus SDL Index - April 2028,
36396,174,BSE SENSEX - TRI,
961,23,BSE TECk Index,
961,408,BSE TECk Index - TRI,
2756,275,Nifty 10 yr Benchmark G-Sec,
48527,379,BSE 500 - TRI,
45480,326,NIFTY 200 - TRI,
45480,379,BSE 500 - TRI,
48499,312,NIFTY 500 - TRI,
1981,450,NIFTY 50 Hybrid Composite Debt 50:50 Index,90.0
1981,57,MSCI World,5.0
1981,65,Gold-India,5.0
44503,349,Nifty Midcap 150 - TRI,
2139,449,NIFTY Banking and PSU Debt Index,
1348,314,NIFTY 100 - TRI,
46215,199,Silver,
35200,312,NIFTY 500 - TRI,
44148,312,NIFTY 500 - TRI,
22514,417,CRISIL Medium Duration Debt Index,
43978,301,CRISIL Hybrid 35+65 - Aggressive Index,
48215,717,Nifty 50 Arbitrage - TRI,
45868,374,BSE 150 MidCap - TRI,
49453,350,Nifty Smallcap 250 - TRI,
45100,434,NIFTY Ultra Short Duration Debt Index,
48333,376,BSE 250 LargeMidCap Index - TRI,
45038,361,NIFTY Alpha Low-Volatility 30 - TRI,
45529,165,NIFTY NEXT 50 - TRI,
46064,312,NIFTY 500 - TRI,
45733,379,BSE 500 - TRI,
49011,751,Nifty Top 10 Equal Weight - TRI,
49235,312,NIFTY 500 - TRI,
46990,415,CRISIL Hybrid 50+50 - Moderate Index,
46528,679,Nifty SDL Sep 2027 Index,
2149,368,CRISIL Low Duration Debt Index,
49521,759,Nifty Rural - TRI,
3631,371,NIFTY 50 Hybrid Composite Debt 15:85 Index,
49528,298,BSE 200 - TRI,
3723,321,NIFTY PSU BANK - TRI,
49091,312,NIFTY 500 - TRI,
44739,312,NIFTY 500 - TRI,
48656,312,NIFTY 500 - TRI,
46624,534,Nifty500 Multicap 50:25:25 - TRI,
41965,316,NIFTY MNC - TRI,
12459,166,BSE India Infrastructure Index - TRI,
24805,370,NIFTY 50 Hybrid Composite Debt 65:35 Index,
15717,377,BSE 250 Small Cap - TRI,
49014,312,NIFTY 500 - TRI,
48606,584,Nifty India Manufacturing - TRI,
48334,312,NIFTY 500 - TRI,
48124,323,Nifty India Consumption - TRI,
44222,376,BSE 250 LargeMidCap Index - TRI,
2237,166,BSE India Infrastructure Index - TRI,
46607,360,Nifty100 Low Volatility 30 - TRI,
5144,330,Nifty Financial Services - TRI,
49209,776,BSE Select Business Groups Index - TRI,
39950,165,NIFTY NEXT 50 - TRI,
30399,301,CRISIL Hybrid 35+65 - Aggressive Index,
13366,450,NIFTY 50 Hybrid Composite Debt 50:50 Index,
3050,323,Nifty India Consumption - TRI,
45616,350,Nifty Smallcap 250 - TRI,
41945,500,CRISIL Liquid Overnight Index,
40568,301,CRISIL Hybrid 35+65 - Aggressive Index,
13019,44,CRISIL Short Term Bond Index,50.0
13019,298,BSE 200 - TRI,50.0
13019,450,NIFTY 50 Hybrid Composite Debt 50:50 Index,
46227,602,CRISIL IBX 60:40 SDL + AAA PSU Index - April 2027,
7870,314,NIFTY 100 - TRI,
497,422,CRISIL Dynamic Gilt Index,
883,42,CRISIL Liquid Debt Index,
742,419,CRISIL Dynamic Bond Index,
21769,312,NIFTY 500 - TRI,
45670,312,NIFTY 500 - TRI,
422,302,CRISIL Hybrid 85+15 - Conservative Index,
44313,374,BSE 150 MidCap - TRI,
3072,312,NIFTY 500 - TRI,
3230,422,CRISIL Dynamic Gilt Index,
39401,436,NIFTY 50 Equity Savings Index,
44087,427,NIFTY100 ESG - TRI,
535,368,CRISIL Low Duration Debt Index,
45708,359,NIFTY50 Equal Weight - TRI,
48965,314,NIFTY 100 - TRI,
8583,312,NIFTY 500 - TRI,65.0
8583,433,NIFTY Composite Debt Index,20.0
8583,65,Gold-India,7.5
8583,199,Silver,7.5
8812,262,MSCI AC World Index,
46937,350,Nifty Smallcap 250 - TRI,
48291,632,Nifty Transportation & Logistics - TRI,
48747,415,CRISIL Hybrid 50+50 - Moderate Index,
17168,323,Nifty India Consumption - TRI,
1084,430,NIFTY Medium Duration Debt Index,
45443,360,Nifty100 Low Volatility 30 - TRI,
301,312,NIFTY 500 - TRI,
14756,419,CRISIL Dynamic Bond Index,60.0
14756,717,Nifty 50 Arbitrage - TRI,40.0
2127,314,NIFTY 100 - TRI,
5348,330,Nifty Financial Services - TRI,
48114,632,Nifty Transportation & Logistics - TRI,
7996,402,BSE PSU - TRI,
39630,728,CRISIL Short Duration Debt Index,
47089,349,Nifty Midcap 150 - TRI,
46717,361,NIFTY Alpha Low-Volatility 30 - TRI,
7516,379,BSE 500 - TRI,
1680,379,BSE 500 - TRI,
39448,367,CRISIL Ultra Short Term Debt Index,
38378,450,NIFTY 50 Hybrid Composite Debt 50:50 Index,
46627,199,Silver,
2433,312,NIFTY 500 - TRI,
1489,370,NIFTY 50 Hybrid Composite Debt 65:35 Index,
49884,534,Nifty500 Multicap 50:25:25 - TRI,
1701,433,NIFTY Composite Debt Index,60.0
1701,717,Nifty 50 Arbitrage - TRI,40.0
16034,433,NIFTY Composite Debt Index,60.0
16034,717,Nifty 50 Arbitrage - TRI,35.0
16034,293,Nifty 1D Rate Index,5.0
48189,408,BSE TECk Index - TRI,
45884,57,MSCI World,
48350,330,Nifty Financial Services - TRI,
47545,293,Nifty 1D Rate Index,
33729,391,BSE Health Care - TRI,
47948,323,Nifty India Consumption - TRI,
25667,312,NIFTY 500 - TRI,
38242,599,Nifty Housing - TRI,
46874,350,Nifty Smallcap 250 - TRI,
4584,13,BSE OIL & GAS Index,35.0
4584,532,MSCI World Energy 30% Buffer 10/40 Net Total Return,35.0
4584,11,BSE METAL Index,30.0
49376,312,NIFTY 500 - TRI,
1001,415,CRISIL Hybrid 50+50 - Moderate Index,
43408,534,Nifty500 Multicap 50:25:25 - TRI,
3439,330,Nifty Financial Services - TRI,
48062,450,NIFTY 50 Hybrid Composite Debt 50:50 Index,
3247,154,NIFTY 50 - TRI,
7785,314,NIFTY 100 - TRI,
46699,312,NIFTY 500 - TRI,
43840,433,NIFTY Composite Debt Index,65.0
43840,717,Nifty 50 Arbitrage - TRI,35.0
48146,350,Nifty Smallcap 250 - TRI,
47951,312,NIFTY 500 - TRI,
46629,330,Nifty Financial Services - TRI,
12380,433,NIFTY Composite Debt Index,
47940,312,NIFTY 500 - TRI,
32972,354,Nifty MidSmallcap 400 - TRI,70.0
32972,44,CRISIL Short Term Bond Index,30.0
45314,349,Nifty Midcap 150 - TRI,
48904,584,Nifty India Manufacturing - TRI,
2850,433,NIFTY Composite Debt Index,60.0
2850,717,Nifty 50 Arbitrage - TRI,40.0
2277,40,CRISIL Composite Bond Index,60.0
2277,717,Nifty 50 Arbitrage - TRI,40.0
33800,301,CRISIL Hybrid 35+65 - Aggressive Index,
44495,427,NIFTY100 ESG - TRI,
48179,312,NIFTY 500 - TRI,
47895,450,NIFTY 50 Hybrid Composite Debt 50:50 Index,
41872,42,CRISIL Liquid Debt Index,
755,48,FTSE Gold Mines,
49933,377,BSE 250 Small Cap - TRI,
35820,277,Nifty 50 Arbitrage,
46852,312,NIFTY 500 - TRI,65.0
46852,433,NIFTY Composite Debt Index,20.0
46852,65,Gold-India,15.0
48748,443,Nifty Short Duration Debt Index,25.0
48748,65,Gold-India,10.0
13460,434,NIFTY Ultra Short Duration Debt Index,
19759,379,BSE 500 - TRI,
45721,312,NIFTY 500 - TRI,
44315,312,NIFTY 500 - TRI,
46871,661,Nifty G-sec Dec 2026 Index,
33731,328,NIFTY COMMODITIES - TRI,
15330,65,Gold-India,
48451,312,NIFTY 500 - TRI,
43846,534,Nifty500 Multicap 50:25:25 - TRI,
13056,65,Gold-India,
1617,697,CRISIL Long Duration Debt Index,
46182,415,CRISIL Hybrid 50+50 - Moderate Index,80.0
46182,63,S&P Global 1200,15.0
46182,65,Gold-India,5.0
46223,199,Silver,
413,319,Nifty Infrastructure - TRI,
49705,312,NIFTY 500 - TRI,
48967,199,Silver,
48957,312,NIFTY 500 - TRI,
3646,391,BSE Health Care - TRI,
41375,312,NIFTY 500 - TRI,
47175,646,Nifty Midcap150 Momentum 50 - TRI,
3450,312,NIFTY 500 - TRI,
29553,312,NIFTY 500 - TRI,
2153,312,NIFTY 500 - TRI,
407,154,NIFTY 50 - TRI,
46975,653,CRISIL IBX SDL Index - September 2027,
2390,312,NIFTY 500 - TRI,
3381,278,NIFTY Corporate Bond Index,
45337,543,Nifty AAA Bond Plus SDL Apr 2026 50:50 Index,
48833,379,BSE 500 - TRI,
2393,436,NIFTY 50 Equity Savings Index,
34066,298,BSE 200 - TRI,65.0
34066,512,NIFTY AAA Short Duration Bond Index,35.0
34066,301,CRISIL Hybrid 35+65 - Aggressive Index,
46105,349,Nifty Midcap 150 - TRI,
30774,309,BSE India Manufacturing Index - TRI,
1849,379,BSE 500 - TRI,
46863,648,CRISIL IBX 50:50 Gilt Plus SDL Index - April 2037,
44224,107,S&P 500 ,
47389,330,Nifty Financial Services - TRI,
41641,165,NIFTY NEXT 50 - TRI,
44293,312,NIFTY 500 - TRI,
4324,319,Nifty Infrastructure - TRI,
48991,350,Nifty Smallcap 250 - TRI,
45870,104,Nasdaq-100,
46198,199,Silver,
2171,450,NIFTY 50 Hybrid Composite Debt 50:50 Index,
29571,727,CRISIL Credit Risk Debt Index,
2090,312,NIFTY 500 - TRI,
23016,57,MSCI World,
45728,719,MSCI ACWI Net TRI,
5742,312,NIFTY 500 - TRI,
48498,359,NIFTY50 Equal Weight - TRI,
2661,727,CRISIL Credit Risk Debt Index,
35846,42,CRISIL Liquid Debt Index,
46357,323,Nifty India Consumption - TRI,
45838,312,NIFTY 500 - TRI,
45289,339,Nifty50 Value 20 - TRI,
45727,312,NIFTY 500 - TRI,
33980,154,NIFTY 50 - TRI,
2262,443,Nifty Short Duration Debt Index,
47079,300,BSE 100 - TRI,
35831,415,CRISIL Hybrid 50+50 - Moderate Index,
2945,319,Nifty Infrastructure - TRI,
46359,654,Nifty SDL Dec 2028 Index,
49730,789,CRISIL-IBX Financial Services 9-12 Months Debt Index,
45064,326,NIFTY 200 - TRI,
48463,312,NIFTY 500 - TRI,
15687,42,CRISIL Liquid Debt Index,
45374,312,NIFTY 500 - TRI,
43811,350,Nifty Smallcap 250 - TRI,
48746,293,Nifty 1D Rate Index,
45262,415,CRISIL Hybrid 50+50 - Moderate Index,
46055,312,NIFTY 500 - TRI,
49067,312,NIFTY 500 - TRI,
47010,646,Nifty Midcap150 Momentum 50 - TRI,
1281,418,CRISIL Medium to Long Term Debt Index,
36058,312,NIFTY 500 - TRI,
46358,655,Nifty G-Sec Dec 2030 Index,
49689,298,BSE 200 - TRI,65.0
49689,443,Nifty Short Duration Debt Index,20.0
49689,65,Gold-India,10.0
49689,199,Silver,5.0
520,302,CRISIL Hybrid 85+15 - Conservative Index,
44329,298,BSE 200 - TRI,
8564,115,Hang Seng,
49162,767,Nifty500 Momentum 50 - TRI,
33370,436,NIFTY 50 Equity Savings Index,
46194,199,Silver,
45584,318,NIFTY PHARMA - TRI,
45389,361,NIFTY Alpha Low-Volatility 30 - TRI,
42237,298,BSE 200 - TRI,
38870,728,CRISIL Short Duration Debt Index,
17236,235,Russell 1000 Index,
45111,443,Nifty Short Duration Debt Index,
45860,165,NIFTY NEXT 50 - TRI,
46320,554,Nifty200 Momentum 30 - TRI,
14893,379,BSE 500 - TRI,
45556,154,NIFTY 50 - TRI,
45993,450,NIFTY 50 Hybrid Composite Debt 50:50 Index,
547,166,BSE India Infrastructure Index - TRI,
38375,559,India Recent 100 IPO Index,
45439,417,CRISIL Medium Duration Debt Index,
2337,312,NIFTY 500 - TRI,
34004,370,NIFTY 50 Hybrid Composite Debt 65:35 Index,
34008,370,NIFTY 50 Hybrid Composite Debt 65:35 Index,
226,312,NIFTY 500 - TRI,
44074,44,CRISIL Short Term Bond Index,45.0
44074,60,NIFTY 500,45.0
44074,65,Gold-India,10.0
48064,717,Nifty 50 Arbitrage - TRI,
44300,366,NIFTY LargeMidcap 250 - TRI,
12865,174,BSE SENSEX - TRI,
46952,650,CRISIL IBX Gilt Index - April 2026,
25669,301,CRISIL Hybrid 35+65 - Aggressive Index,
48956,366,NIFTY LargeMidcap 250 - TRI,
2649,302,CRISIL Hybrid 85+15 - Conservative Index,
46115,534,Nifty500 Multicap 50:25:25 - TRI,
44147,427,NIFTY100 ESG - TRI,
45376,349,Nifty Midcap 150 - TRI,
47714,667,Nifty G-Sec Jun 2036 Index,
45871,587,CRSP US Total Market Index,
48891,56,MSCI India,
37591,391,BSE Health Care - TRI,
49485,717,Nifty 50 Arbitrage - TRI,
33580,154,NIFTY 50 - TRI,
46351,600,Nifty SDL Plus AAA PSU Bond Dec 2027 60: 40 Index - TRI,
43784,293,Nifty 1D Rate Index,
48435,65,Gold-India,
48144,450,NIFTY 50 Hybrid Composite Debt 50:50 Index,
49019,312,NIFTY 500 - TRI,
49120,584,Nifty India Manufacturing - TRI,
47753,312,NIFTY 500 - TRI,
44008,293,Nifty 1D Rate Index,
13350,435,NIFTY Low Duration Debt Index,
45835,563,S&P 500 Top 50 TRI,
1847,301,CRISIL Hybrid 35+65 - Aggressive Index,
49459,534,Nifty500 Multicap 50:25:25 - TRI,
48881,309,BSE India Manufacturing Index - TRI,
30757,560,NIFTY 50 Equity Savings Index - TRI,
48238,312,NIFTY 500 - TRI,
45941,62,NIFTY 50,50.0
45941,275,Nifty 10 yr Benchmark G-Sec,50.0
45941,450,NIFTY 50 Hybrid Composite Debt 50:50 Index,
210,302,CRISIL Hybrid 85+15 - Conservative Index,
48120,584,Nifty India Manufacturing - TRI,
46741,562,BSE Enhanced Value Index - TRI,
1274,433,NIFTY Composite Debt Index,
47579,584,Nifty India Manufacturing - TRI,
48960,408,BSE TECk Index - TRI,
41901,293,Nifty 1D Rate Index,
33579,174,BSE SENSEX - TRI,
21956,449,NIFTY Banking and PSU Debt Index,
45451,42,CRISIL Liquid Debt Index,
41642,154,NIFTY 50 - TRI,
45096,379,BSE 500 - TRI,
48944,154,NIFTY 50 - TRI,65.0
48944,433,NIFTY Composite Debt Index,20.0
48944,65,Gold-India,15.0
2955,278,NIFTY Corporate Bond Index,
47190,667,Nifty G-Sec Jun 2036 Index,
47117,65,Gold-India,
49127,768,CRISIL IBX AAA NBFC Index - Jun 2027,
46108,349,Nifty Midcap 150 - TRI,
43841,421,CRISIL Hybrid 25+75 - Aggressive Index,
26780,312,NIFTY 500 - TRI,
46448,592,CRISIL IBX 50:50 PSU + SDL Index - October 2025,
48962,584,Nifty India Manufacturing - TRI,
49982,435,NIFTY Low Duration Debt Index,
46015,298,BSE 200 - TRI,
30963,436,NIFTY 50 Equity Savings Index,
44314,165,NIFTY NEXT 50 - TRI,
49012,751,Nifty Top 10 Equal Weight - TRI,
47938,65,Gold-India,
46618,595,Nifty G-Sec Jun 2027 Index,
30730,436,NIFTY 50 Equity Savings Index,
31014,430,NIFTY Medium Duration Debt Index,
49558,317,NIFTY ENERGY - TRI,
942,62,NIFTY 50,
39893,301,CRISIL Hybrid 35+65 - Aggressive Index,
33578,314,NIFTY 100 - TRI,
49518,496,BSE Liquid Rate Index,
46354,199,Silver,
45701,154,NIFTY 50 - TRI,
48452,350,Nifty Smallcap 250 - TRI,
48543,366,NIFTY LargeMidcap 250 - TRI,
44366,154,NIFTY 50 - TRI,
46620,662,Nifty G-Sec July 2031 Index,
5902,367,CRISIL Ultra Short Term Debt Index,
48473,299,Nifty Midcap 100 - TRI,
41017,154,NIFTY 50 - TRI,
48961,767,Nifty500 Momentum 50 - TRI,
35818,471,Crisil Equity Savings Index,
38073,314,NIFTY 100 - TRI,
2750,328,NIFTY COMMODITIES - TRI,
19246,521,S&P 500 - TRI,
45687,332,Nifty Alpha 50 - TRI,
48466,554,Nifty200 Momentum 30 - TRI,
48051,500,CRISIL Liquid Overnight Index,
46468,311,NIFTY BANK - TRI,
32452,312,NIFTY 500 - TRI,
3581,323,Nifty India Consumption - TRI,
49708,779,CRISIL-IBX Financial Services 3 to 6 Months Debt Index,
47071,417,CRISIL Medium Duration Debt Index,
8472,727,CRISIL Credit Risk Debt Index,
13595,299,Nifty Midcap 100 - TRI,
44443,165,NIFTY NEXT 50 - TRI,
46633,417,CRISIL Medium Duration Debt Index,
49575,388,BSE Financial Services - TRI,
48496,720,Nifty Smallcap250 Momentum Quality 100 - TRI,
39645,436,NIFTY 50 Equity Savings Index,
48083,326,NIFTY 200 - TRI,
49985,391,BSE Health Care - TRI,
44512,301,CRISIL Hybrid 35+65 - Aggressive Index,
17578,419,CRISIL Dynamic Bond Index,
49692,415,CRISIL Hybrid 50+50 - Moderate Index,
43844,408,BSE TECk Index - TRI,
16220,65,Gold-India,
49467,728,CRISIL Short Duration Debt Index,
46872,671,Nifty G-Sec Sep 2032 Index,
15304,436,NIFTY 50 Equity Savings Index,
43789,311,NIFTY BANK - TRI,
36894,368,CRISIL Low Duration Debt Index,
49465,312,NIFTY 500 - TRI,65.0
49465,433,NIFTY Composite Debt Index,25.0
49465,65,Gold-India,10.0
8016,451,NIFTY Credit Risk Bond Index,
47989,330,Nifty Financial Services - TRI,
44318,146,MSCI Golden Dragon Index (Total Return Net),
49936,44,CRISIL Short Term Bond Index,60.0
49936,277,Nifty 50 Arbitrage,40.0
41332,312,NIFTY 500 - TRI,
49044,634,Nifty India Defence - TRI,
45651,315,NIFTY FMCG - TRI,
48341,322,NIFTY PSE - TRI,
49709,368,CRISIL Low Duration Debt Index,
45873,311,NIFTY BANK - TRI,
49144,504,NIFTY200 Quality 30 - TRI,
44736,427,NIFTY100 ESG - TRI,
46950,652,CRISIL IBX Gilt Index - April 2029,
48449,312,NIFTY 500 - TRI,45.0
48449,40,CRISIL Composite Bond Index,40.0
48449,65,Gold-India,10.0
48449,199,Silver,5.0
45994,311,NIFTY BANK - TRI,
43376,500,CRISIL Liquid Overnight Index,
45836,563,S&P 500 Top 50 TRI,
48587,408,BSE TECk Index - TRI,
15652,422,CRISIL Dynamic Gilt Index,
36914,350,Nifty Smallcap 250 - TRI,
3560,422,CRISIL Dynamic Gilt Index,
8484,166,BSE India Infrastructure Index - TRI,50.0
8484,309,BSE India Manufacturing Index - TRI,50.0
758,314,NIFTY 100 - TRI,
49345,323,Nifty India Consumption - TRI,
46703,418,CRISIL Medium to Long Term Debt Index,
40664,33,NIFTY NEXT 50,
46134,603,Nifty SDL Jun 2027 Index,
47648,316,NIFTY MNC - TRI,
48599,312,NIFTY 500 - TRI,
42211,42,CRISIL Liquid Debt Index,
45715,291,NIFTY50 Equal Weight,
46730,651,Nifty SDL Plus AAA PSU Bond Jul 2028 60:40 Index,
45686,379,BSE 500 - TRI,
46986,632,Nifty Transportation & Logistics - TRI,
46682,554,Nifty200 Momentum 30 - TRI,
28311,443,Nifty Short Duration Debt Index,65.0
28311,717,Nifty 50 Arbitrage - TRI,35.0
48900,717,Nifty 50 Arbitrage - TRI,
49192,620,BSE Quality Index - TRI,
48964,312,NIFTY 500 - TRI,
45539,719,MSCI ACWI Net TRI,
22532,367,CRISIL Ultra Short Term Debt Index,
46409,468,BSE Low Volatility Index - TRI,
46683,554,Nifty200 Momentum 30 - TRI,
44400,314,NIFTY 100 - TRI,
49103,634,Nifty India Defence - TRI,
45396,728,CRISIL Short Duration Debt Index,
46814,665,CRISIL IBX 90:10 SDL Plus Gilt Index - April 2032,
36671,560,NIFTY 50 Equity Savings Index - TRI,
43438,293,Nifty 1D Rate Index,
46764,599,Nifty Housing - TRI,
38904,293,Nifty 1D Rate Index,
28458,449,NIFTY Banking and PSU Debt Index,
45722,312,NIFTY 500 - TRI,
4378,447,Nifty All Duration G-Sec Index,
19756,42,CRISIL Liquid Debt Index,
45684,350,Nifty Smallcap 250 - TRI,
47577,506,NIFTY500 Value 50 - TRI,
2085,301,CRISIL Hybrid 35+65 - Aggressive Index,
47916,350,Nifty Smallcap 250 - TRI,
34084,174,BSE SENSEX - TRI,
45856,352,Nifty Smallcap 50 - TRI,
42221,367,CRISIL Ultra Short Term Debt Index,
3396,304,CRISIL Short Term Debt Hybrid 60+40 Index,
46465,199,Silver,
2343,435,NIFTY Low Duration Debt Index,
38749,323,Nifty India Consumption - TRI,
818,42,CRISIL Liquid Debt Index,
1858,300,BSE 100 - TRI,
45334,262,MSCI AC World Index,
48119,293,Nifty 1D Rate Index,
36351,348,Nifty Private Bank - TRI,
48314,332,Nifty Alpha 50 - TRI,
46707,310,NIFTY IT - TRI,
47331,275,Nifty 10 yr Benchmark G-Sec,
12382,728,CRISIL Short Duration Debt Index,
49315,312,NIFTY 500 - TRI,
44494,349,Nifty Midcap 150 - TRI,
1090,437,NIFTY Medium to Long Duration Debt Index,
45348,427,NIFTY100 ESG - TRI,
50021,298,BSE 200 - TRI,
45447,418,CRISIL Medium to Long Term Debt Index,
47977,554,Nifty200 Momentum 30 - TRI,
49460,312,NIFTY 500 - TRI,
48895,199,Silver,
49672,779,CRISIL-IBX Financial Services 3 to 6 Months Debt Index,
11896,419,CRISIL Dynamic Bond Index,
49725,788,BSE PSU Bank - TRI,
46453,437,NIFTY Medium to Long Duration Debt Index,
2154,301,CRISIL Hybrid 35+65 - Aggressive Index,
49020,312,NIFTY 500 - TRI,
46459,313,Nifty Midcap 50 - TRI,
2960,449,NIFTY Banking and PSU Debt Index,
43023,40,CRISIL Composite Bond Index,
46800,65,Gold-India,
46800,199,Silver,
47601,686,CRISIL IBX Gilt Index - April 2032,
39478,444,CRISIL Corporate Bond Index,
33066,300,BSE 100 - TRI,
45679,40,CRISIL Composite Bond Index,
45679,437,NIFTY Medium to Long Duration Debt Index,
45790,437,NIFTY Medium to Long Duration Debt Index,
46467,556,NIFTY Midcap150 Quality 50 - TRI,
48969,366,NIFTY LargeMidcap 250 - TRI,
15131,65,Gold-India,
48332,330,Nifty Financial Services - TRI,
49022,753,NIFTY500 Equal Weight - TRI,
48970,534,Nifty500 Multicap 50:25:25 - TRI,
47949,544,Nifty Healthcare Index - TRI,
45992,585,CRISIL IBX 70:30 CPSE Plus SDL - April 2025,
48243,636,Nifty200 Alpha 30 - TRI,
2580,437,NIFTY Medium to Long Duration Debt Index,
44014,312,NIFTY 500 - TRI,
44401,310,NIFTY IT - TRI,
45669,330,Nifty Financial Services - TRI,
46815,650,CRISIL IBX Gilt Index - April 2026,
45711,535,Nasdaq-100 - TRI,
22068,379,BSE 500 - TRI,
17788,65,Gold-India,
41505,436,NIFTY 50 Equity Savings Index,
6932,444,CRISIL Corporate Bond Index,
49109,754,CRISIL IBX AAA Financial Services Index - Sep 2027,
47876,417,CRISIL Medium Duration Debt Index,
7545,312,NIFTY 500 - TRI,
46217,312,NIFTY 500 - TRI,
48943,632,Nifty Transportation & Logistics - TRI,
32078,312,NIFTY 500 - TRI,
48968,534,Nifty500 Multicap 50:25:25 - TRI,
47034,658,Nifty AAA PSU Bond Plus SDL Sep 2026 50:50 Index,
6434,376,BSE 250 LargeMidCap Index - TRI,
48472,391,BSE Health Care - TRI,
48035,323,Nifty India Consumption - TRI,
49838,779,CRISIL-IBX Financial Services 3 to 6 Months Debt Index,
44362,450,NIFTY 50 Hybrid Composite Debt 50:50 Index,
46858,417,CRISIL Medium Duration Debt Index,
49224,326,NIFTY 200 - TRI,60.0
49224,232,Crisil 10 Yr Gilt Index,30.0
49224,65,Gold-India,5.0
49224,199,Silver,5.0
46773,379,BSE 500 - TRI,
47476,678,CRISIL-IBX 50:50 Gilt Plus SDL Index - April 2033,
47186,666,Nifty G-Sec Sep 2027 Index,
49329,323,Nifty India Consumption - TRI,
49339,717,Nifty 50 Arbitrage - TRI,
3249,174,BSE SENSEX - TRI,
46897,596,CRISIL IBX 50:50 Gilt Plus SDL Index - April 2028,
15502,42,CRISIL Liquid Debt Index,
45552,418,CRISIL Medium to Long Term Debt Index,
47907,348,Nifty Private Bank - TRI,
46626,438,NIFTY Long Duration Debt Index,
45377,310,NIFTY IT - TRI,
38291,22,BSE 500,
48794,301,CRISIL Hybrid 35+65 - Aggressive Index,
46822,594,Nifty SDL Plus G-Sec Jun 2028 70:30 Index,
41962,443,Nifty Short Duration Debt Index,
45943,535,Nasdaq-100 - TRI,
46619,349,Nifty Midcap 150 - TRI,
44738,349,Nifty Midcap 150 - TRI,
48331,450,NIFTY 50 Hybrid Composite Debt 50:50 Index,
44741,359,NIFTY50 Equal Weight - TRI,
45737,574,Hang Seng TECH TRI,
49323,323,Nifty India Consumption - TRI,
49676,435,NIFTY Low Duration Debt Index,
48343,328,NIFTY COMMODITIES - TRI,
48681,735,Nifty MidSmallcap400 Momentum Quality 100 - TRI,
49245,366,NIFTY LargeMidcap 250 - TRI,
23018,727,CRISIL Credit Risk Debt Index,
48195,310,NIFTY IT - TRI,
45997,355,Nifty100 Equal Weight - TRI,
3317,379,BSE 500 - TRI,
49152,534,Nifty500 Multicap 50:25:25 - TRI,
3304,312,NIFTY 500 - TRI,
14654,311,NIFTY BANK - TRI,
45713,324,NIFTY AUTO - TRI,
45702,165,NIFTY NEXT 50 - TRI,
49503,316,NIFTY MNC - TRI,
44368,165,NIFTY NEXT 50 - TRI,
42924,40,CRISIL Composite Bond Index,
43213,500,CRISIL Liquid Overnight Index,
49129,408,BSE TECk Index - TRI,
1079,232,Crisil 10 Yr Gilt Index,
3392,443,Nifty Short Duration Debt Index,
45690,121,Taiwan Capitalization Weighted Stock Index,
4326,65,Gold-India,
46369,199,Silver,
45674,235,Russell 1000 Index,
45675,235,Russell 1000 Index,
49047,310,NIFTY IT - TRI,
45996,314,NIFTY 100 - TRI,
44938,154,NIFTY 50 - TRI,
48462,311,NIFTY BANK - TRI,
46511,418,CRISIL Medium to Long Term Debt Index,
47208,417,CRISIL Medium Duration Debt Index,
47966,174,BSE SENSEX - TRI,
815,55,MSCI Emerging Market Index,
45998,319,Nifty Infrastructure - TRI,
48027,433,NIFTY Composite Debt Index,50.0
48027,312,NIFTY 500 - TRI,37.5
48027,65,Gold-India,12.5
49421,391,BSE Health Care - TRI,
43240,63,S&P Global 1200,80.0
43240,174,BSE SENSEX - TRI,20.0
46821,684,Nifty SDL Plus G-Sec Jun 2029 70:30 Index,
49706,779,CRISIL-IBX Financial Services 3 to 6 Months Debt Index,
36348,349,Nifty Midcap 150 - TRI,
45380,637,Indxx Artificial Intelligence & Big Data Index - TRI,
45382,312,NIFTY 500 - TRI,
42524,717,Nifty 50 Arbitrage - TRI,
47337,672,CRISIL IBX SDL Index - April 2033,
41740,379,BSE 500 - TRI,
2129,154,NIFTY 50 - TRI,
46945,430,NIFTY Medium Duration Debt Index,
45364,417,CRISIL Medium Duration Debt Index,
3441,418,CRISIL Medium to Long Term Debt Index,
31897,366,NIFTY LargeMidcap 250 - TRI,
48437,65,Gold-India,
46045,348,Nifty Private Bank - TRI,
48500,65,Gold-India,
48992,750,Nifty India Tourism Index - TRI,
5300,42,CRISIL Liquid Debt Index,70.0
5300,154,NIFTY 50 - TRI,30.0
5300,471,Crisil Equity Savings Index,
49106,323,Nifty India Consumption - TRI,
47003,65,Gold-India,
7615,307,BSE 500 Shariah - TRI,
46225,199,Silver,
43842,301,CRISIL Hybrid 35+65 - Aggressive Index,
49729,504,NIFTY200 Quality 30 - TRI,
45593,418,CRISIL Medium to Long Term Debt Index,
1843,277,Nifty 50 Arbitrage,
49278,772,Nifty500 Multicap Momentum Quality 50 - TRI,
45720,330,Nifty Financial Services - TRI,
637,417,CRISIL Medium Duration Debt Index,
48247,625,Nifty Total Market - TRI,
38531,379,BSE 500 - TRI,
45972,418,CRISIL Medium to Long Term Debt Index,
46881,199,Silver,
49316,154,NIFTY 50 - TRI,65.0
49316,44,CRISIL Short Term Bond Index,20.0
49316,65,Gold-India,10.0
49316,199,Silver,5.0
48653,360,Nifty100 Low Volatility 30 - TRI,
49234,773,Nifty Capital Markets Index - TRI,
17643,314,NIFTY 100 - TRI,
45889,418,CRISIL Medium to Long Term Debt Index,
49202,771,CRISIL-IBX AAA NBFC-HFC Index - Dec 2025,
45861,349,Nifty Midcap 150 - TRI,
48678,415,CRISIL Hybrid 50+50 - Moderate Index,
45201,529,MSCI World Consumer Discretionary Index - Net Dividend,
49073,434,NIFTY Ultra Short Duration Debt Index,
49848,40,CRISIL Composite Bond Index,60.0
49848,717,Nifty 50 Arbitrage - TRI,40.0
16955,330,Nifty Financial Services - TRI,
48436,199,Silver,
49975,366,NIFTY LargeMidcap 250 - TRI,
48963,312,NIFTY 500 - TRI,
49714,728,CRISIL Short Duration Debt Index,60.0
49714,717,Nifty 50 Arbitrage - TRI,40.0
43350,500,CRISIL Liquid Overnight Index,
45864,366,NIFTY LargeMidcap 250 - TRI,
49344,293,Nifty 1D Rate Index,
46058,312,NIFTY 500 - TRI,
8374,728,CRISIL Short Duration Debt Index,
45428,528,Nifty 5 yr Benchmark G-Sec Index TRI,
46153,417,CRISIL Medium Duration Debt Index,
49983,330,Nifty Financial Services - TRI,
42000,293,Nifty 1D Rate Index,
45130,427,NIFTY100 ESG - TRI,
4282,379,BSE 500 - TRI,
30400,536,CRISIL Hybrid 65+35 - Conservative Index,
49313,312,NIFTY 500 - TRI,
8505,65,Gold-India,
9765,371,NIFTY 50 Hybrid Composite Debt 15:85 Index,
48377,707,Nifty Smallcap250 Quality 50 - TRI,
35815,174,BSE SENSEX - TRI,
14960,727,CRISIL Credit Risk Debt Index,
39495,22,BSE 500,
205,368,CRISIL Low Duration Debt Index,
19955,330,Nifty Financial Services - TRI,
24620,579,BSE 500 Japan - TRI,
36529,451,NIFTY Credit Risk Bond Index,
3813,61,MSCI Asia (ex-Japan) Standard Index,75.0
3813,312,NIFTY 500 - TRI,25.0
3273,436,NIFTY 50 Equity Savings Index,
47333,663,Nifty SDL Sep 2026 Index,
45718,556,NIFTY Midcap150 Quality 50 - TRI,
23296,416,CRISIL Banking and PSU Debt Index,
48978,748,Nifty EV and New Age Automotive - TRI,
46158,418,CRISIL Medium to Long Term Debt Index,
47993,311,NIFTY BANK - TRI,
39516,312,NIFTY 500 - TRI,
49214,773,Nifty Capital Markets Index - TRI,
42783,560,NIFTY 50 Equity Savings Index - TRI,
46075,418,CRISIL Medium to Long Term Debt Index,
46755,438,NIFTY Long Duration Debt Index,
45699,543,Nifty AAA Bond Plus SDL Apr 2026 50:50 Index,
46201,418,CRISIL Medium to Long Term Debt Index,
32098,717,Nifty 50 Arbitrage - TRI,
46397,418,CRISIL Medium to Long Term Debt Index,
47298,430,NIFTY Medium Duration Debt Index,
49844,446,Nifty Liquid Fund Index,
1462,312,NIFTY 500 - TRI,
6063,63,S&P Global 1200,
6063,262,MSCI AC World Index,
44737,352,Nifty Smallcap 50 - TRI,
48342,323,Nifty India Consumption - TRI,
49180,646,Nifty Midcap150 Momentum 50 - TRI,
17716,65,Gold-India,
48822,735,Nifty MidSmallcap400 Momentum Quality 100 - TRI,
48344,199,Silver,
47042,659,CRISIL IBX Gilt Index - April 2033,
586,422,CRISIL Dynamic Gilt Index,
586,447,Nifty All Duration G-Sec Index,
49201,770,CRISIL-IBX AAA NBFC-HFC Index - Sep 2026,
34742,420,CRISIL Money Market Index,
47913,379,BSE 500 - TRI,
43928,312,NIFTY 500 - TRI,
45796,417,CRISIL Medium Duration Debt Index,
47900,417,CRISIL Medium Duration Debt Index,
49324,323,Nifty India Consumption - TRI,
45580,418,CRISIL Medium to Long Term Debt Index,
45724,544,Nifty Healthcare Index - TRI,
46891,650,CRISIL IBX Gilt Index - April 2026,
49740,293,Nifty 1D Rate Index,
460,63,S&P Global 1200,
19961,65,Gold-India,
116,419,CRISIL Dynamic Bond Index,
46050,416,CRISIL Banking and PSU Debt Index,
2279,415,CRISIL Hybrid 50+50 - Moderate Index,
1938,368,CRISIL Low Duration Debt Index,
48643,366,NIFTY LargeMidcap 250 - TRI,
8303,301,CRISIL Hybrid 35+65 - Aggressive Index,
33878,154,NIFTY 50 - TRI,
7456,728,CRISIL Short Duration Debt Index,
46536,418,CRISIL Medium to Long Term Debt Index,
48497,720,Nifty Smallcap250 Momentum Quality 100 - TRI,
49115,312,NIFTY 500 - TRI,
44073,367,CRISIL Ultra Short Term Debt Index,
19878,379,BSE 500 - TRI,
49080,636,Nifty200 Alpha 30 - TRI,
49146,348,Nifty Private Bank - TRI,
835,301,CRISIL Hybrid 35+65 - Aggressive Index,
3841,57,MSCI World,
49151,767,Nifty500 Momentum 50 - TRI,
2381,443,Nifty Short Duration Debt Index,
48937,636,Nifty200 Alpha 30 - TRI,
50022,443,Nifty Short Duration Debt Index,60.0
50022,717,Nifty 50 Arbitrage - TRI,40.0
17242,65,Gold-India,
45869,584,Nifty India Manufacturing - TRI,
5842,367,CRISIL Ultra Short Term Debt Index,
685,727,CRISIL Credit Risk Debt Index,
43845,367,CRISIL Ultra Short Term Debt Index,
4198,379,BSE 500 - TRI,
48213,415,CRISIL Hybrid 50+50 - Moderate Index,
47260,417,CRISIL Medium Duration Debt Index,
2087,418,CRISIL Medium to Long Term Debt Index,
49018,634,Nifty India Defence - TRI,
36734,22,BSE 500,
1018,302,CRISIL Hybrid 85+15 - Conservative Index,100.0
46360,165,NIFTY NEXT 50 - TRI,
49326,776,BSE Select Business Groups Index - TRI,
47166,629,Nifty Financial Services Ex-Bank - TRI,
45571,314,NIFTY 100 - TRI,
46317,174,BSE SENSEX - TRI,
5925,367,CRISIL Ultra Short Term Debt Index,
46867,691,Nifty SDL Oct 2026 Index,
1698,326,NIFTY 200 - TRI,
47676,692,CRISIL IBX Gilt Index - June 2027,
46919,417,CRISIL Medium Duration Debt Index,
47612,687,Nifty SDL Jul 2033 Index,
49185,317,NIFTY ENERGY - TRI,
44626,379,BSE 500 - TRI,
49178,593,Nifty India Digital  - TRI,
48461,154,NIFTY 50 - TRI,
46200,430,NIFTY Medium Duration Debt Index,
49112,312,NIFTY 500 - TRI,
49111,349,Nifty Midcap 150 - TRI,
39948,277,Nifty 50 Arbitrage,
25569,727,CRISIL Credit Risk Debt Index,
44317,293,Nifty 1D Rate Index,
46119,314,NIFTY 100 - TRI,
47387,677,NIFTY SDL December 2026 Index,
47634,417,CRISIL Medium Duration Debt Index,
48897,330,Nifty Financial Services - TRI,
33839,339,Nifty50 Value 20 - TRI,
49932,40,CRISIL Composite Bond Index,60.0
49932,717,Nifty 50 Arbitrage - TRI,40.0
47273,417,CRISIL Medium Duration Debt Index,
48954,446,Nifty Liquid Fund Index,
48226,415,CRISIL Hybrid 50+50 - Moderate Index,
45957,154,NIFTY 50 - TRI,
46433,418,CRISIL Medium to Long Term Debt Index,
47017,535,Nasdaq-100 - TRI,
48295,500,CRISIL Liquid Overnight Index,
719,302,CRISIL Hybrid 85+15 - Conservative Index,
45498,367,CRISIL Ultra Short Term Debt Index,
15378,303,CRISIL Short Term Debt Hybrid 75+25 Index,
45735,379,BSE 500 - TRI,
31920,339,Nifty50 Value 20 - TRI,
48284,716,Bloomberg US Treasury 3-10 Year Index,
46368,199,Silver,
30401,302,CRISIL Hybrid 85+15 - Conservative Index,
48118,504,NIFTY200 Quality 30 - TRI,
925,419,CRISIL Dynamic Bond Index,
925,433,NIFTY Composite Debt Index,
45360,420,CRISIL Money Market Index,
45688,360,Nifty100 Low Volatility 30 - TRI,
48935,748,Nifty EV and New Age Automotive - TRI,
45607,430,NIFTY Medium Duration Debt Index,
21920,235,Russell 1000 Index,
42955,500,CRISIL Liquid Overnight Index,
21922,422,CRISIL Dynamic Gilt Index,
47712,694,NIFTY G- Sec Apr 2029 Index,
39956,312,NIFTY 500 - TRI,
48441,199,Silver,
47587,683,Nifty SDL Plus AAA PSU Bond Apr 2026 75:25 Index,
47541,417,CRISIL Medium Duration Debt Index,
45944,593,Nifty India Digital  - TRI,
17249,449,NIFTY Banking and PSU Debt Index,
45427,310,NIFTY IT - TRI,
34304,728,CRISIL Short Duration Debt Index,
14593,65,Gold-India,
46229,324,NIFTY AUTO - TRI,
46672,417,CRISIL Medium Duration Debt Index,
48744,312,NIFTY 500 - TRI,
46711,438,NIFTY Long Duration Debt Index,
49573,340,NIFTY100 Quality 30 - TRI,
45117,525,MSCI India Domestic & World Healthcare 45 Index,
32627,312,NIFTY 500 - TRI,
48148,311,NIFTY BANK - TRI,
33836,553,NIFTY OIL & GAS - TRI,
1458,371,NIFTY 50 Hybrid Composite Debt 15:85 Index,
12859,319,Nifty Infrastructure - TRI,
24807,371,NIFTY 50 Hybrid Composite Debt 15:85 Index,
17478,323,Nifty India Consumption - TRI,
48538,438,NIFTY Long Duration Debt Index,
47642,438,NIFTY Long Duration Debt Index,
47405,675,Nifty G-Sec Dec 2029 Index,
47381,417,CRISIL Medium Duration Debt Index,
47592,685,CRISIL IBX SDL Index - June 2032,
48764,643,Nifty MidSmall Healthcare - TRI,
3373,447,Nifty All Duration G-Sec Index,
40967,232,Crisil 10 Yr Gilt Index,
538,422,CRISIL Dynamic Gilt Index,
36811,154,NIFTY 50 - TRI,
33835,325,NIFTY METAL - TRI,
45632,438,NIFTY Long Duration Debt Index,
17166,302,CRISIL Hybrid 85+15 - Conservative Index,
48267,312,NIFTY 500 - TRI,
49779,366,NIFTY LargeMidcap 250 - TRI,
45961,340,NIFTY100 Quality 30 - TRI,
49506,314,NIFTY 100 - TRI,
46212,668,CRISIL IBX 90:10 SDL Plus Gilt Index - September 2027,
48808,361,NIFTY Alpha Low-Volatility 30 - TRI,
21522,451,NIFTY Credit Risk Bond Index,
21522,453,CRISIL Composite AA Short Term Bond Index,
47075,660,CRISIL IBX 50:50 Gilt Plus SDL Index - Sep 2028,
47167,350,Nifty Smallcap 250 - TRI,
45242,416,CRISIL Banking and PSU Debt Index,
45652,728,CRISIL Short Duration Debt Index,
48214,449,NIFTY Banking and PSU Debt Index,
48248,377,BSE 250 Small Cap - TRI,
49980,789,CRISIL-IBX Financial Services 9-12 Months Debt Index,
47430,681,CRISIL IBX 50:50 Gilt Plus SDL Short Duration Index,
47171,165,NIFTY NEXT 50 - TRI,
45383,544,Nifty Healthcare Index - TRI,
46631,352,Nifty Smallcap 50 - TRI,
45995,324,NIFTY AUTO - TRI,
48806,326,NIFTY 200 - TRI,
23158,728,CRISIL Short Duration Debt Index,
45660,417,CRISIL Medium Duration Debt Index,
48680,311,NIFTY BANK - TRI,
48582,438,NIFTY Long Duration Debt Index,
47629,690,Nifty G-Sec Oct 2028 Index,
48990,748,Nifty EV and New Age Automotive - TRI,
48568,310,NIFTY IT - TRI,
44156,500,CRISIL Liquid Overnight Index,
49468,420,CRISIL Money Market Index,
21917,450,NIFTY 50 Hybrid Composite Debt 50:50 Index,
49400,534,Nifty500 Multicap 50:25:25 - TRI,
48250,310,NIFTY IT - TRI,
45915,418,CRISIL Medium to Long Term Debt Index,
40627,471,Crisil Equity Savings Index,
46628,199,Silver,
38262,165,NIFTY NEXT 50 - TRI,
48029,154,NIFTY 50 - TRI,70.0
48029,443,Nifty Short Duration Debt Index,20.0
48029,65,Gold-India,8.0
48029,199,Silver,2.0
49576,65,Gold-India,
46777,500,CRISIL Liquid Overnight Index,
38781,312,NIFTY 500 - TRI,
46226,601,CRISIL IBX 60:40 SDL + AAA PSU Index - April 2025,
47232,417,CRISIL Medium Duration Debt Index,
42805,298,BSE 200 - TRI,
33548,165,NIFTY NEXT 50 - TRI,
46221,422,CRISIL Dynamic Gilt Index,
45620,418,CRISIL Medium to Long Term Debt Index,
20281,55,MSCI Emerging Market Index,
3306,349,Nifty Midcap 150 - TRI,
47724,695,ICE 0-1 Year US Treasury Securities Index,
24618,244,MSCI Europe Index (Total Return Net),
47768,174,BSE SENSEX - TRI,
47871,430,NIFTY Medium Duration Debt Index,
46608,554,Nifty200 Momentum 30 - TRI,
46902,359,NIFTY50 Equal Weight - TRI,
8359,533,MSCI ACWI Metals & Mining 30% Buffer 10/40 (1994) Net TRI,
19904,298,BSE 200 - TRI,
2748,371,NIFTY 50 Hybrid Composite Debt 15:85 Index,
22404,314,NIFTY 100 - TRI,
47124,417,CRISIL Medium Duration Debt Index,
47733,438,NIFTY Long Duration Debt Index,
15997,314,NIFTY 100 - TRI,
47638,417,CRISIL Medium Duration Debt Index,
45196,528,Nifty 5 yr Benchmark G-Sec Index TRI,
46325,554,Nifty200 Momentum 30 - TRI,
47983,310,NIFTY IT - TRI,
39479,301,CRISIL Hybrid 35+65 - Aggressive Index,
542,418,CRISIL Medium to Long Term Debt Index,
46606,312,NIFTY 500 - TRI,
45842,418,CRISIL Medium to Long Term Debt Index,
46735,420,CRISIL Money Market Index,
49872,433,NIFTY Composite Debt Index,60.0
49872,65,Gold-India,20.0
49872,312,NIFTY 500 - TRI,20.0
45134,526,Nifty100 ESG Sector Leaders - TRI,
49517,312,NIFTY 500 - TRI,
3005,262,MSCI AC World Index,
46355,593,Nifty India Digital  - TRI,
48145,65,Gold-India,
48657,350,Nifty Smallcap 250 - TRI,
48782,729,Nifty500 Multicap India Manufacturing 50:30:20 - TRI,
31116,339,Nifty50 Value 20 - TRI,
49104,311,NIFTY BANK - TRI,
47345,422,CRISIL Dynamic Gilt Index,
46740,562,BSE Enhanced Value Index - TRI,
45525,417,CRISIL Medium Duration Debt Index,
36556,419,CRISIL Dynamic Bond Index,
46195,199,Silver,
37428,419,CRISIL Dynamic Bond Index,
48654,320,NIFTY REALTY - TRI,
45375,728,CRISIL Short Duration Debt Index,
13404,578,MSCI AC ASEAN 10/40 Index,
48617,350,Nifty Smallcap 250 - TRI,
47401,438,NIFTY Long Duration Debt Index,
49807,312,NIFTY 500 - TRI,
25670,433,NIFTY Composite Debt Index,
5153,298,BSE 200 - TRI,
42560,500,CRISIL Liquid Overnight Index,
49727,554,Nifty200 Momentum 30 - TRI,
47657,154,NIFTY 50 - TRI,
2047,55,MSCI Emerging Market Index,
48322,169,Gold-London AM (INR),
47570,430,NIFTY Medium Duration Debt Index,
46042,554,Nifty200 Momentum 30 - TRI,
49897,433,NIFTY Composite Debt Index,60.0
49897,717,Nifty 50 Arbitrage - TRI,40.0
12836,165,NIFTY NEXT 50 - TRI,
12694,154,NIFTY 50 - TRI,
47799,417,CRISIL Medium Duration Debt Index,
45042,277,Nifty 50 Arbitrage,
46882,199,Silver,
8587,195,MSCI Brazil 10/40 Index,
49113,762,Nifty200 Value 30 - TRI,
47224,318,NIFTY PHARMA - TRI,
46999,656,CRISIL IBX 50:50 Gilt Plus SDL Index - June 2027,
46205,581,NYSE Arca Gold Miners Index,
46205,582,S&P Oil & Gas Exploration & Production Select Industry Index,
46873,349,Nifty Midcap 150 - TRI,
45017,312,NIFTY 500 - TRI,50.0
45017,44,CRISIL Short Term Bond Index,35.0
45017,65,Gold-India,13.0
45017,199,Silver,2.0
49808,199,Silver,
48886,349,Nifty Midcap 150 - TRI,
47436,661,Nifty G-sec Dec 2026 Index,
49110,312,NIFTY 500 - TRI,
47899,270,Nifty 8-13 yr G-Sec,
47327,500,CRISIL Liquid Overnight Index,
45344,312,NIFTY 500 - TRI,50.0
45344,521,S&P 500 - TRI,20.0
45344,528,Nifty 5 yr Benchmark G-Sec Index TRI,20.0
45344,65,Gold-India,10.0
41330,391,BSE Health Care - TRI,
49045,232,Crisil 10 Yr Gilt Index,
48684,320,NIFTY REALTY - TRI,
44436,379,BSE 500 - TRI,
854,40,CRISIL Composite Bond Index,
854,444,CRISIL Corporate Bond Index,
39624,165,NIFTY NEXT 50 - TRI,
48274,715,Bloomberg US Treasury 1-3 Year Index,
2133,174,BSE SENSEX - TRI,
48411,659,CRISIL IBX Gilt Index - April 2033,
7866,769,MSCI ACWI IMI Clean Energy Infrastructure Index,
33837,567,BSE MidCap Select Index - TRI,
47332,328,NIFTY COMMODITIES - TRI,
47302,154,NIFTY 50 - TRI,
37710,506,NIFTY500 Value 50 - TRI,
46181,580,NASDAQ Q-50-TRI,
47548,680,Nifty SDL Plus G-Sec Sep 2027 50:50 Index,
16718,57,MSCI World,
46071,574,Hang Seng TECH TRI,
46437,468,BSE Low Volatility Index - TRI,
49216,767,Nifty500 Momentum 50 - TRI,
44437,500,CRISIL Liquid Overnight Index,
47764,417,CRISIL Medium Duration Debt Index,
47038,543,Nifty AAA Bond Plus SDL Apr 2026 50:50 Index,
25668,371,NIFTY 50 Hybrid Composite Debt 15:85 Index,
48683,324,NIFTY AUTO - TRI,
49624,777,CRISIL-IBX AAA NBFC-HFC Index - Jun 2027,
48890,402,BSE PSU - TRI,
48760,330,Nifty Financial Services - TRI,
3314,379,BSE 500 - TRI,
2124,447,Nifty All Duration G-Sec Index,
2126,447,Nifty All Duration G-Sec Index,
36026,228,Nifty Smallcap 100,
45310,728,CRISIL Short Duration Debt Index,
47782,430,NIFTY Medium Duration Debt Index,
49221,774,CRISIL-IBX AAA Financial Services Index - Jan 2028,
47568,417,CRISIL Medium Duration Debt Index,
49366,361,NIFTY Alpha Low-Volatility 30 - TRI,
48786,730,Nifty500 Multicap Infrastructure 50:30:20 - TRI,
8544,42,CRISIL Liquid Debt Index,
42804,531,S&P Asia Pacific ex Japan REIT - TRI,
47113,663,Nifty SDL Sep 2026 Index,
49704,787,Nifty Top 20 Equal Weight - TRI,
41015,504,NIFTY200 Quality 30 - TRI,
38110,419,CRISIL Dynamic Bond Index,
49205,754,CRISIL IBX AAA Financial Services Index - Sep 2027,
47409,676,CRISIL IBX 50:50 Gilt Plus SDL Index - June 2028,
44412,293,Nifty 1D Rate Index,
47848,417,CRISIL Medium Duration Debt Index,
46914,437,NIFTY Medium to Long Duration Debt Index,
47794,700,Nifty G-sec Jul 2027 Index,
17481,331,Nifty Dividend Opportunities 50 - TRI,
49586,735,Nifty MidSmallcap400 Momentum Quality 100 - TRI,
47763,701,Nifty SDL June 2028 Index,
47369,674,CRISIL IBX SDL Index - June 2027,
845,436,NIFTY 50 Equity Savings Index,
845,560,NIFTY 50 Equity Savings Index - TRI,
49505,434,NIFTY Ultra Short Duration Debt Index,
48373,379,BSE 500 - TRI,
47908,321,NIFTY PSU BANK - TRI,
4314,55,MSCI Emerging Market Index,
45730,313,Nifty Midcap 50 - TRI,
49023,634,Nifty India Defence - TRI,
36397,321,NIFTY PSU BANK - TRI,
45110,310,NIFTY IT - TRI,
34307,22,BSE 500,
48107,629,Nifty Financial Services Ex-Bank - TRI,
7569,302,CRISIL Hybrid 85+15 - Conservative Index,
49117,427,NIFTY100 ESG - TRI,
20096,154,NIFTY 50 - TRI,40.0
20096,42,CRISIL Liquid Debt Index,25.0
20096,419,CRISIL Dynamic Bond Index,20.0
20096,65,Gold-India,15.0
43396,42,CRISIL Liquid Debt Index,
49179,336,Nifty500 Shariah - TRI,
49466,65,Gold-India,
43259,422,CRISIL Dynamic Gilt Index,
49728,360,Nifty100 Low Volatility 30 - TRI,
47688,417,CRISIL Medium Duration Debt Index,
49496,782,Nifty India Railways PSU Index - TRI,
45954,584,Nifty India Manufacturing - TRI,
45678,323,Nifty India Consumption - TRI,
38076,379,BSE 500 - TRI,
41180,154,NIFTY 50 - TRI,
49686,773,Nifty Capital Markets Index - TRI,
28309,298,BSE 200 - TRI,65.0
28309,443,Nifty Short Duration Debt Index,20.0
28309,65,Gold-India,10.0
28309,199,Silver,5.0
48492,725,S&P US Treasury Bond Index,
45723,417,CRISIL Medium Duration Debt Index,
31040,443,Nifty Short Duration Debt Index,65.0
31040,717,Nifty 50 Arbitrage - TRI,35.0
47684,728,CRISIL Short Duration Debt Index,
49457,379,BSE 500 - TRI,
1925,419,CRISIL Dynamic Bond Index,
33606,312,NIFTY 500 - TRI,
48955,313,Nifty Midcap 50 - TRI,
43158,450,NIFTY 50 Hybrid Composite Debt 50:50 Index,
49128,293,Nifty 1D Rate Index,
45346,528,Nifty 5 yr Benchmark G-Sec Index TRI,50.0
45346,312,NIFTY 500 - TRI,30.0
45346,65,Gold-India,10.0
45346,521,S&P 500 - TRI,10.0
45719,500,CRISIL Liquid Overnight Index,
45726,379,BSE 500 - TRI,
48456,330,Nifty Financial Services - TRI,
17573,232,Crisil 10 Yr Gilt Index,
48141,350,Nifty Smallcap 250 - TRI,
32632,312,NIFTY 500 - TRI,
43930,405,BSE Sensex Next 50 - TRI,
43843,413,CRISIL Hybrid 75+25 - Conservative Index,
45333,262,MSCI AC World Index,
8634,154,NIFTY 50 - TRI,
48885,314,NIFTY 100 - TRI,
47440,444,CRISIL Corporate Bond Index,
49254,754,CRISIL IBX AAA Financial Services Index - Sep 2027,
49368,349,Nifty Midcap 150 - TRI,
47212,417,CRISIL Medium Duration Debt Index,
48952,418,CRISIL Medium to Long Term Debt Index,
46876,430,NIFTY Medium Duration Debt Index,
48801,311,NIFTY BANK - TRI,
46744,620,BSE Quality Index - TRI,
38133,312,NIFTY 500 - TRI,
43787,418,CRISIL Medium to Long Term Debt Index,
24619,244,MSCI Europe Index (Total Return Net),
44267,500,CRISIL Liquid Overnight Index,
3305,300,BSE 100 - TRI,
2142,302,CRISIL Hybrid 85+15 - Conservative Index,
48799,624,Nifty Non-Cyclical Consumer - TRI,
47070,310,NIFTY IT - TRI,
47220,669,CRISIL IBX 60:40 SDL + AAA PSU Index - April 2026,
43205,697,CRISIL Long Duration Debt Index,
41744,312,NIFTY 500 - TRI,
49105,310,NIFTY IT - TRI,
47769,698,NIFTY SDL Plus G-Sec Jun 2027 40:60 Index,
24405,243,MSCI World Index-Net Dividend,
46470,293,Nifty 1D Rate Index,
24794,301,CRISIL Hybrid 35+65 - Aggressive Index,
41853,301,CRISIL Hybrid 35+65 - Aggressive Index,
45925,528,Nifty 5 yr Benchmark G-Sec Index TRI,
45003,416,CRISIL Banking and PSU Debt Index,
48476,174,BSE SENSEX - TRI,
49071,534,Nifty500 Multicap 50:25:25 - TRI,
1432,437,NIFTY Medium to Long Duration Debt Index,
48807,642,Nifty MidSmall Financial Services - TRI,
46002,638,Solactive Autonomous & Electric Vehicles Index - TRI,
24529,293,Nifty 1D Rate Index,
49736,620,BSE Quality Index - TRI,
45739,417,CRISIL Medium Duration Debt Index,
47756,671,Nifty G-Sec Sep 2032 Index,
44126,277,Nifty 50 Arbitrage,
47722,500,CRISIL Liquid Overnight Index,
46120,554,Nifty200 Momentum 30 - TRI,
7599,281,Nifty50 Shariah - TRI,
46892,647,Nifty SDL Sep 2025 Index,
48976,749,CRISIL Broad Based Gilt Index,
49126,777,CRISIL-IBX AAA NBFC-HFC Index - Jun 2027,
47531,417,CRISIL Medium Duration Debt Index,
46019,573,FTSE EPRA/NAREIT Developed Index,
45356,444,CRISIL Corporate Bond Index,
49647,625,Nifty Total Market - TRI,
46810,360,Nifty100 Low Volatility 30 - TRI,
49226,625,Nifty Total Market - TRI,
49811,319,Nifty Infrastructure - TRI,
2936,430,NIFTY Medium Duration Debt Index,
48244,293,Nifty 1D Rate Index,
49099,321,NIFTY PSU BANK - TRI,
45597,419,CRISIL Dynamic Bond Index,
44398,416,CRISIL Banking and PSU Debt Index,
39384,277,Nifty 50 Arbitrage,
49929,329,Nifty Services Sector - TRI,
47390,310,NIFTY IT - TRI,
28307,301,CRISIL Hybrid 35+65 - Aggressive Index,
49495,782,Nifty India Railways PSU Index - TRI,
31387,430,NIFTY Medium Duration Debt Index,
46969,500,CRISIL Liquid Overnight Index,
38299,312,NIFTY 500 - TRI,
45381,568,FTSE EPRA Nareit Asia ex Japan REITs Index,
49898,814,BSE 1000 - TRI,
48651,625,Nifty Total Market - TRI,
48950,697,CRISIL Long Duration Debt Index,
46004,418,CRISIL Medium to Long Term Debt Index,
49726,788,BSE PSU Bank - TRI,
37867,228,Nifty Smallcap 100,
8299,415,CRISIL Hybrid 50+50 - Moderate Index,
36380,228,Nifty Smallcap 100,
48658,726,Nifty AAA Bond Jun 2025 HTM Index,
45484,57,MSCI World,
46893,679,Nifty SDL Sep 2027 Index,
48217,44,CRISIL Short Term Bond Index,45.0
48217,154,NIFTY 50 - TRI,40.0
48217,65,Gold-India,15.0
45695,544,Nifty Healthcare Index - TRI,
49930,781,BSE Sensex Next 30 - TRI,
46890,339,Nifty50 Value 20 - TRI,
43566,697,CRISIL Long Duration Debt Index,
45729,316,NIFTY MNC - TRI,
49842,154,NIFTY 50 - TRI,
47432,430,NIFTY Medium Duration Debt Index,
49233,697,CRISIL Long Duration Debt Index,
49187,65,Gold-India,
38374,22,BSE 500,
48966,422,CRISIL Dynamic Gilt Index,
49859,359,NIFTY50 Equal Weight - TRI,
46003,314,NIFTY 100 - TRI,
47621,689,CRISIL IBX 50:50 Gilt Plus SDL Index - September 2027,
47706,693,Nifty SDL Plus AAA PSU Bond Apr 2028 75:25 Index,
46371,312,NIFTY 500 - TRI,
49713,199,Silver,
49836,422,CRISIL Dynamic Gilt Index,
49100,325,NIFTY METAL - TRI,
46540,437,NIFTY Medium to Long Duration Debt Index,
46474,430,NIFTY Medium Duration Debt Index,
39958,379,BSE 500 - TRI,
49834,800,Nifty500 Quality 50 - TRI,
49355,166,BSE India Infrastructure Index - TRI,
49846,199,Silver,
46222,391,BSE Health Care - TRI,
36903,228,Nifty Smallcap 100,
49021,750,Nifty India Tourism Index - TRI,
1921,418,CRISIL Medium to Long Term Debt Index,
48142,713,S&P Developed Ex-U.S. BMI Total Return Index,
48469,157,NIFTY PSE,
48894,154,NIFTY 50 - TRI,
49114,312,NIFTY 500 - TRI,
45697,310,NIFTY IT - TRI,
47771,654,Nifty SDL Dec 2028 Index,
48958,534,Nifty500 Multicap 50:25:25 - TRI,
46655,154,NIFTY 50 - TRI,
5285,174,BSE SENSEX - TRI,
12894,436,NIFTY 50 Equity Savings Index,
49225,350,Nifty Smallcap 250 - TRI,
46334,418,CRISIL Medium to Long Term Debt Index,
44969,697,CRISIL Long Duration Debt Index,
46866,643,Nifty MidSmall Healthcare - TRI,
49489,780,Nifty India New Age Consumption - TRI,
49220,772,Nifty500 Multicap Momentum Quality 50 - TRI,
49778,809,BSE Internet Economy - TRI,
46122,504,NIFTY200 Quality 30 - TRI,
46865,644,Nifty MidSmall IT & Telecom - TRI,
48949,324,NIFTY AUTO - TRI,
48514,359,NIFTY50 Equal Weight - TRI,
48685,349,Nifty Midcap 150 - TRI,
47617,688,CRISIL IBX Gilt Index - April 2028,
44154,416,CRISIL Banking and PSU Debt Index,
49471,754,CRISIL IBX AAA Financial Services Index - Sep 2027,
48522,321,NIFTY PSU BANK - TRI,
49536,781,BSE Sensex Next 30 - TRI,
45628,418,CRISIL Medium to Long Term Debt Index,
46632,417,CRISIL Medium Duration Debt Index,
42774,303,CRISIL Short Term Debt Hybrid 75+25 Index,
41461,405,BSE Sensex Next 50 - TRI,
49646,625,Nifty Total Market - TRI,
49189,748,Nifty EV and New Age Automotive - TRI,
47306,417,CRISIL Medium Duration Debt Index,
2611,42,CRISIL Liquid Debt Index,
49118,767,Nifty500 Momentum 50 - TRI,
48953,293,Nifty 1D Rate Index,
49858,359,NIFTY50 Equal Weight - TRI,
47964,703,BSE Housing - TRI,
49199,554,Nifty200 Momentum 30 - TRI,
48533,528,Nifty 5 yr Benchmark G-Sec Index TRI,
48140,310,NIFTY IT - TRI,
38734,405,BSE Sensex Next 50 - TRI,
49659,348,Nifty Private Bank - TRI,
34198,154,NIFTY 50 - TRI,
46043,340,NIFTY100 Quality 30 - TRI,
46047,357,Nifty Growth Sectors 15 - TRI,
3541,435,NIFTY Low Duration Debt Index,
48534,275,Nifty 10 yr Benchmark G-Sec,
39388,22,BSE 500,
47757,688,CRISIL IBX Gilt Index - April 2028,
49350,717,Nifty 50 Arbitrage - TRI,
48255,714,Nifty G-Sec July 2033 Index,
48948,320,NIFTY REALTY - TRI,
48945,366,NIFTY LargeMidcap 250 - TRI,
8512,302,CRISIL Hybrid 85+15 - Conservative Index,
49584,584,Nifty India Manufacturing - TRI,
46118,608,BSE Financials ex Bank 30 - TRI,
42042,500,CRISIL Liquid Overnight Index,
45613,323,Nifty India Consumption - TRI,
45520,544,Nifty Healthcare Index - TRI,
17816,61,MSCI Asia (ex-Japan) Standard Index,
8457,301,CRISIL Hybrid 35+65 - Aggressive Index,
48898,311,NIFTY BANK - TRI,
49690,748,Nifty EV and New Age Automotive - TRI,
49614,165,NIFTY NEXT 50 - TRI,
8458,450,NIFTY 50 Hybrid Composite Debt 50:50 Index,
48193,174,BSE SENSEX - TRI,
48259,174,BSE SENSEX - TRI,
46956,312,NIFTY 500 - TRI,50.0
46956,435,NIFTY Low Duration Debt Index,30.0
46956,262,MSCI AC World Index,10.0
46956,65,Gold-India,5.0
46956,199,Silver,5.0
49749,504,NIFTY200 Quality 30 - TRI,
48745,391,BSE Health Care - TRI,
46743,620,BSE Quality Index - TRI,
26629,244,MSCI Europe Index (Total Return Net),
46875,379,BSE 500 - TRI,
49328,767,Nifty500 Momentum 50 - TRI,
49935,443,Nifty Short Duration Debt Index,60.0
49935,717,Nifty 50 Arbitrage - TRI,40.0
50023,293,Nifty 1D Rate Index,
48163,703,BSE Housing - TRI,
49979,806,Nifty India Internet & E-Commerce - TRI,
42778,44,CRISIL Short Term Bond Index,
49310,720,Nifty Smallcap250 Momentum Quality 100 - TRI,
49456,778,BSE Capital Markets & Insurance - TRI,
46440,528,Nifty 5 yr Benchmark G-Sec Index TRI,
49516,65,Gold-India,
47385,705,Nifty MidSmall India Consumption - TRI,
8297,303,CRISIL Short Term Debt Hybrid 75+25 Index,
46044,360,Nifty100 Low Volatility 30 - TRI,
2088,301,CRISIL Hybrid 35+65 - Aggressive Index,
49500,784,BSE Select IPO Index - TRI,
49481,780,Nifty India New Age Consumption - TRI,
45820,323,Nifty India Consumption - TRI,
49776,751,Nifty Top 10 Equal Weight - TRI,
49748,793,Nifty Top 15 Equal Weight - TRI,
49464,775,CRISIL-IBX AAA Financial Services Index - Dec 2026,
49236,326,NIFTY 200 - TRI,
30326,22,BSE 500,
48800,506,NIFTY500 Value 50 - TRI,
49426,359,NIFTY50 Equal Weight - TRI,
49843,154,NIFTY 50 - TRI,
15063,308,BSE BANKEX - TRI,
48946,762,Nifty200 Value 30 - TRI,
49213,355,Nifty100 Equal Weight - TRI,
49390,504,NIFTY200 Quality 30 - TRI,
43854,348,Nifty Private Bank - TRI,
49845,199,Silver,
48450,692,CRISIL IBX Gilt Index - June 2027,
49454,785,BSE 200 Equal Weight - TRI,
50018,154,NIFTY 50 - TRI,
49537,781,BSE Sensex Next 30 - TRI,
48679,724,CRISIL IBX SDL Index - June 2034,
49181,506,NIFTY500 Value 50 - TRI,
49833,802,Nifty500 Low Volatility 50 - TRI,
49580,174,BSE SENSEX - TRI,
48427,544,Nifty Healthcare Index - TRI,
48183,349,Nifty Midcap 150 - TRI,
49837,165,NIFTY NEXT 50 - TRI,
3308,319,Nifty Infrastructure - TRI,
30042,300,BSE 100 - TRI,
49515,199,Silver,
49119,361,NIFTY Alpha Low-Volatility 30 - TRI,
49282,349,Nifty Midcap 150 - TRI,
50009,154,NIFTY 50 - TRI,
48088,174,BSE SENSEX - TRI,
49905,544,Nifty Healthcare Index - TRI,
466,42,CRISIL Liquid Debt Index,
49847,154,NIFTY 50 - TRI,
49835,348,Nifty Private Bank - TRI,
49630,783,CRISIL-IBX 10:90 Gilt + SDL Index - Dec 2029,
49978,806,Nifty India Internet & E-Commerce - TRI,
49744,793,Nifty Top 15 Equal Weight - TRI,
49906,310,NIFTY IT - TRI,
50010,65,Gold-India,
49719,349,Nifty Midcap 150 - TRI,
49327,767,Nifty500 Momentum 50 - TRI,
49970,646,Nifty Midcap150 Momentum 50 - TRI,
8459,302,CRISIL Hybrid 85+15 - Conservative Index,
49317,328,NIFTY COMMODITIES - TRI,
48249,310,NIFTY IT - TRI,
45731,323,Nifty India Consumption - TRI,
8151,154,NIFTY 50 - TRI,
49742,802,Nifty500 Low Volatility 50 - TRI,
49931,781,BSE Sensex Next 30 - TRI,
49499,784,BSE Select IPO Index - TRI,
49969,332,Nifty Alpha 50 - TRI,
49642,326,NIFTY 200 - TRI,
49134,311,NIFTY BANK - TRI,
49699,785,BSE 200 Equal Weight - TRI,
2607,42,CRISIL Liquid Debt Index,
48464,311,NIFTY BANK - TRI,
2599,44,CRISIL Short Term Bond Index,
2613,42,CRISIL Liquid Debt Index,
49318,349,Nifty Midcap 150 - TRI,
2605,42,CRISIL Liquid Debt Index,
2609,42,CRISIL Liquid Debt Index,
49470,355,Nifty100 Equal Weight - TRI,
49857,166,BSE India Infrastructure Index - TRI,
49855,165,NIFTY NEXT 50 - TRI,
49968,750,Nifty India Tourism Index - TRI,
34197,174,BSE SENSEX - TRI,
49966,322,NIFTY PSE - TRI,
49856,584,Nifty India Manufacturing - TRI,
3402,44,CRISIL Short Term Bond Index,100.0
49469,786,Nifty AAA Financial Services Bond Mar 2028 Index,
49688,504,NIFTY200 Quality 30 - TRI,
49777,504,NIFTY200 Quality 30 - TRI,
49873,298,BSE 200 - TRI,
49976,534,Nifty500 Multicap 50:25:25 - TRI,
49981,806,Nifty India Internet & E-Commerce - TRI,
50006,278,NIFTY Corporate Bond Index,60.0
50006,717,Nifty 50 Arbitrage - TRI,35.0
50006,293,Nifty 1D Rate Index,5.0
50007,401,BSE Power Index - TRI,
50008,401,BSE Power Index - TRI,
50041,560,NIFTY 50 Equity Savings Index - TRI,
50069,312,NIFTY 500 - TRI,65.0
50069,443,Nifty Short Duration Debt Index,20.0
50069,65,Gold-India,5.0
50069,199,Silver,5.0
50069,519,iCOMDEX Composite Index,5.0
50096,312,NIFTY 500 - TRI,
