MF Code,incept_date,schemecode,sdx_returns,sharpex_returns,sotinox_returns,betax_returns,alphax_returns,treynorx_returns,sdy_returns,sharpey_returns,sotinoy_returns,betay_returns,alphay_returns,treynory_returns,rank_sd,rank_sharpe,rank_sotino,rank_beta,rank_alpha,rank_treynor,index_name,s_name,avg_std_dev,avg_sharpe,avg_sotino,avg_beta,avg_alpha,avg_treyno,no_of_funds_total
Taurus ELSS Tax Saver Fund-Reg(G),1996-03-31,3314,14.59,1.26,1.88,0.88,12.42,20.99,0.92,0.08,0.12,0.88,0.05,0.08,27,20,21,24,21,22,BSE 500 - TRI,Taurus ELSS Tax Saver Fund-Reg(G),15.04,1.12,1.66,0.9,10.62,18.62,59
Mahindra Manulife Dynamic Bond Fund-Reg(G),2018-08-20,40695,1.97,2.15,3.7,1.04,1.31,4.08,0.12,0.14,0.23,1.04,0.01,0.02,14,13,14,15,15,15,CRISIL Dynamic Bond Index,Mahindra Manulife Dynamic Bond Fund-Reg(G),1.06,4.58,9.93,0.31,3.05,41.02,15
ICICI Pru BSE Midcap Select ETF,2016-07-04,33837,18.89,1.45,2.22,1.03,20.84,26.66,1.19,0.09,0.14,1.03,0.08,0.11,104,9,16,96,13,20,BSE MidCap Select Index - TRI,ICICI Pru BSE Midcap Select ETF,17.01,0.92,1.48,1.08,9.59,33.64,141
HDFC NIFTY IT ETF,2022-11-16,47070,19.49,1.06,1.94,0.74,15.93,27.87,1.23,0.07,0.12,0.74,0.06,0.11,111,51,33,25,34,13,NIFTY IT - TRI,HDFC NIFTY IT ETF,17.01,0.92,1.48,1.08,9.59,33.64,141
SBI FMP-79-1130D-Reg(G),2023-03-14,47764,0.4,2.05,3.42,0.14,0.53,5.82,0.02,0.13,0.22,0.14,0.0,0.02,24,84,86,35,90,87,CRISIL Medium Duration Debt Index,SBI FMP-79-1130D-Reg(G),0.58,5.03,10.51,0.18,2.24,37.0,91
Tata Nifty500 Multicap Infrastructure 50:30:20 Index Fund-Reg(G),2024-04-26,48786,,,,,,,,,,,,,,,,,,,Nifty500 Multicap Infrastructure 50:30:20 - TRI,Tata Nifty500 Multicap Infrastructure 50:30:20 Index Fund-Reg(G),17.24,0.91,1.37,0.98,9.41,16.44,104
Union Dynamic Bond(G),2012-02-13,16032,2.26,1.99,3.36,1.19,1.11,3.78,0.14,0.13,0.21,1.19,0.0,0.02,17,18,19,19,18,19,CRISIL Dynamic Bond Index,Union Dynamic Bond(G),1.9,2.82,5.14,0.96,1.75,9.49,22
SBI LT Advantage Fund-III-Reg(G),2016-03-31,34307,16.52,1.41,2.07,0.92,17.09,25.15,1.04,0.09,0.13,0.92,0.07,0.1,45,13,14,37,8,9,BSE 500,SBI LT Advantage Fund-III-Reg(G),15.04,1.12,1.66,0.9,10.62,18.62,59
ICICI Pru Retirement Fund-Hybrid Cons Plan(G),2019-02-27,25668,4.6,1.48,2.23,0.66,4.94,10.33,0.29,0.09,0.14,0.66,0.02,0.04,8,13,13,3,28,4,NIFTY 50 Hybrid Composite Debt 15:85 Index,ICICI Pru Retirement Fund-Hybrid Cons Plan(G),9.74,1.43,2.23,1.7,7.6,7.65,40
Axis Nifty500 Value 50 Index Fund-Reg(G),2024-10-24,37710,,,,,,,,,,,,,,,,,,,NIFTY500 Value 50 - TRI,Axis Nifty500 Value 50 Index Fund-Reg(G),17.24,0.91,1.37,0.98,9.41,16.44,104
Motilal Oswal Nifty Realty ETF,2024-03-15,48548,,,,,,,,,,,,,,,,,,,NIFTY REALTY - TRI,Motilal Oswal Nifty Realty ETF,17.01,0.92,1.48,1.08,9.59,33.64,141
UTI CRISIL SDL Maturity June 2027 Index Fund-Reg(G),2023-01-11,47369,0.81,5.11,10.98,0.25,3.4,16.56,0.05,0.32,0.69,0.25,0.01,0.07,17,15,16,13,7,13,CRISIL IBX SDL Index - June 2027,UTI CRISIL SDL Maturity June 2027 Index Fund-Reg(G),1.13,4.15,8.8,0.46,2.73,11.37,52
Tata Nifty Auto Index Fund-Reg(G),2024-04-26,48683,,,,,,,,,,,,,,,,,,,NIFTY AUTO - TRI,Tata Nifty Auto Index Fund-Reg(G),16.72,1.27,2.02,0.82,15.15,23.71,6
Groww Nifty India Defence ETF,2024-10-08,49018,,,,,,,,,,,,,,,,,,,Nifty India Defence - TRI,Groww Nifty India Defence ETF,17.01,0.92,1.48,1.08,9.59,33.64,141
Axis FTP-112-1143D-Reg(G),2023-03-01,47568,0.67,5.08,10.92,0.22,2.8,15.6,0.04,0.32,0.69,0.22,0.01,0.06,64,48,48,65,44,41,CRISIL Medium Duration Debt Index,Axis FTP-112-1143D-Reg(G),0.58,5.03,10.51,0.18,2.24,37.0,91
HDFC FMP-Sr 47-1269D-March 2023-Reg(G),2023-03-21,47782,0.77,4.76,10.36,0.28,2.85,12.88,0.05,0.3,0.65,0.28,0.01,0.05,80,51,50,79,40,58,NIFTY Medium Duration Debt Index,HDFC FMP-Sr 47-1269D-March 2023-Reg(G),0.58,5.03,10.51,0.18,2.24,37.0,91
360 ONE ELSS Tax Saver Nifty 50 Index Fund-Reg(G),2022-12-28,47302,13.98,0.6,0.93,0.99,1.71,8.54,0.88,0.04,0.06,0.99,0.01,0.03,21,56,56,48,58,58,NIFTY 50 - TRI,360 ONE ELSS Tax Saver Nifty 50 Index Fund-Reg(G),15.04,1.12,1.66,0.9,10.62,18.62,59
Axis Nifty SDL Sep 2026 Debt Index Fund-Reg(G),2022-11-22,47113,0.7,5.63,12.92,0.18,3.4,21.24,0.04,0.35,0.81,0.18,0.01,0.08,12,10,10,7,3,6,Nifty SDL Sep 2026 Index,Axis Nifty SDL Sep 2026 Debt Index Fund-Reg(G),0.82,5.2,11.09,0.34,2.81,17.81,30
TRUSTMF Corporate Bond Fund-Reg(G),2023-01-20,47440,0.94,3.89,7.43,0.36,2.62,10.03,0.06,0.24,0.47,0.36,0.01,0.04,21,21,21,9,18,14,CRISIL Corporate Bond Index,TRUSTMF Corporate Bond Fund-Reg(G),0.77,5.2,10.07,0.36,2.92,11.38,21
HDFC Nifty 1D Rate Liquid ETF,2023-08-24,46470,0.13,4.78,6.01,0.0,0.63,-144.37,0.01,0.3,0.38,0.0,0.0,-0.57,5,10,13,1,19,19,Nifty 1D Rate Index,HDFC Nifty 1D Rate Liquid ETF,1.18,4.51,6.53,0.39,2.09,-26.47,22
ICICI Pru Nifty200 Value 30 Index Fund-Reg(G),2024-10-18,49113,,,,,,,,,,,,,,,,,,,Nifty200 Value 30 - TRI,ICICI Pru Nifty200 Value 30 Index Fund-Reg(G),17.24,0.91,1.37,0.98,9.41,16.44,104
Edelweiss Europe Dynamic Equity Off-shore Fund-Reg(G),2014-02-07,24618,13.58,0.09,0.14,1.34,-2.7,0.93,0.86,0.01,0.01,1.34,-0.01,0.0,17,46,47,45,47,46,MSCI Europe Index (Total Return Net),Edelweiss Europe Dynamic Equity Off-shore Fund-Reg(G),16.52,0.81,1.35,0.96,10.81,11.46,57
HSBC Global Equity Climate Change FoF-Reg(G),2021-03-22,45333,13.21,0.13,0.21,1.24,-1.23,1.34,0.83,0.01,0.01,1.24,0.0,0.01,14,44,44,42,45,43,MSCI AC World Index,HSBC Global Equity Climate Change FoF-Reg(G),16.52,0.81,1.35,0.96,10.81,11.46,57
PGIM India Overnight Fund-Reg(G),2019-08-27,24529,0.02,18.27,2.21,0.0,0.3,1775.42,0.0,1.15,0.14,0.0,0.0,7.05,26,23,14,30,13,10,Nifty 1D Rate Index,PGIM India Overnight Fund-Reg(G),0.04,22.53,3.83,0.0,0.44,827.61,35
Baroda BNP Paribas Gold ETF,2023-12-13,48145,12.5,1.21,1.83,0.03,14.99,504.13,0.79,0.08,0.12,0.03,0.06,2.0,1,7,6,11,15,2,Gold-India,Baroda BNP Paribas Gold ETF,17.5,0.93,1.44,0.21,14.13,31.92,25
Axis Retirement Fund-Conservative Plan-Reg(G),2019-12-20,43843,5.36,1.58,2.63,1.12,5.32,7.53,0.34,0.1,0.17,1.12,0.02,0.03,10,10,8,9,26,17,CRISIL Hybrid 75+25 - Conservative Index,Axis Retirement Fund-Conservative Plan-Reg(G),9.74,1.43,2.23,1.7,7.6,7.65,40
PGIM India Retirement Fund-Reg(G),2024-04-15,44436,,,,,,,,,,,,,,,,,,,BSE 500 - TRI,PGIM India Retirement Fund-Reg(G),9.74,1.43,2.23,1.7,7.6,7.65,40
Navi ELSS Tax Saver Nifty 50 Index Fund-Reg(G),2023-03-20,47657,14.02,0.53,0.81,0.99,0.73,7.53,0.88,0.03,0.05,0.99,0.0,0.03,22,57,57,49,59,59,NIFTY 50 - TRI,Navi ELSS Tax Saver Nifty 50 Index Fund-Reg(G),15.04,1.12,1.66,0.9,10.62,18.62,59
Aditya Birla SL FTP-UJ-1110D-Reg(G),2023-03-27,47848,0.58,5.93,12.92,0.17,2.95,20.74,0.04,0.37,0.81,0.17,0.01,0.08,53,28,33,50,31,32,CRISIL Medium Duration Debt Index,Aditya Birla SL FTP-UJ-1110D-Reg(G),0.58,5.03,10.51,0.18,2.24,37.0,91
Kotak BSE PSU Index Fund-Reg(G),2024-07-31,48890,,,,,,,,,,,,,,,,,,,BSE PSU - TRI,Kotak BSE PSU Index Fund-Reg(G),17.24,0.91,1.37,0.98,9.41,16.44,104
Nippon India FHF-XLIV-1-1743D(G),2022-09-21,46914,0.8,5.36,11.95,0.3,3.4,14.06,0.05,0.34,0.75,0.3,0.01,0.06,81,39,36,84,11,55,NIFTY Medium to Long Duration Debt Index,Nippon India FHF-XLIV-1-1743D(G),0.58,5.03,10.51,0.18,2.24,37.0,91
Axis CRISIL IBX 50:50 Gilt Plus SDL June 2028 Index Fund-Reg(G),2023-01-24,47409,0.96,4.25,9.58,0.41,2.92,9.9,0.06,0.27,0.6,0.41,0.01,0.04,27,26,24,31,29,32,CRISIL IBX 50:50 Gilt Plus SDL Index - June 2028,Axis CRISIL IBX 50:50 Gilt Plus SDL June 2028 Index Fund-Reg(G),1.13,4.15,8.8,0.46,2.73,11.37,52
Tata Silver ETF FoF-Reg(G),2024-01-19,48441,,,,,,,,,,,,,,,,,,,Silver,Tata Silver ETF FoF-Reg(G),9.62,1.52,2.48,1.28,8.14,15.17,53
Aditya Birla SL Nifty 200 Momentum 30 ETF,2022-08-12,46120,22.14,0.94,1.38,1.24,12.4,16.83,1.39,0.06,0.09,1.24,0.05,0.07,129,66,71,126,55,57,Nifty200 Momentum 30 - TRI,Aditya Birla SL Nifty 200 Momentum 30 ETF,17.01,0.92,1.48,1.08,9.59,33.64,141
HDFC NIFTY Midcap 150 ETF,2023-02-15,46873,17.62,1.23,1.77,0.95,15.52,22.65,1.11,0.08,0.11,0.95,0.06,0.09,95,31,48,45,42,43,Nifty Midcap 150 - TRI,HDFC NIFTY Midcap 150 ETF,17.01,0.92,1.48,1.08,9.59,33.64,141
LIC MF Gold ETF FoF(G),2012-08-14,17242,14.35,1.12,1.79,-0.08,16.28,-200.21,0.9,0.07,0.11,-0.08,0.06,-0.79,12,10,11,2,1,15,Gold-India,LIC MF Gold ETF FoF(G),15.27,1.04,1.72,0.3,14.13,-17.36,16
Mirae Asset Nifty SDL June 2028 Index Fund-Reg(G),2023-03-31,47763,1.17,3.74,7.98,0.37,3.3,11.67,0.07,0.24,0.5,0.37,0.01,0.05,33,32,30,24,9,24,Nifty SDL June 2028 Index,Mirae Asset Nifty SDL June 2028 Index Fund-Reg(G),1.13,4.15,8.8,0.46,2.73,11.37,52
Aditya Birla SL Nifty SDL Sep 2025 Index Fund-Reg(G),2022-09-28,46892,0.41,8.15,18.84,0.07,3.18,50.35,0.03,0.51,1.19,0.07,0.01,0.2,4,4,3,3,5,3,Nifty SDL Sep 2025 Index,Aditya Birla SL Nifty SDL Sep 2025 Index Fund-Reg(G),0.82,5.2,11.09,0.34,2.81,17.81,30
Mahindra Manulife Short Duration Fund-Reg(G),2021-02-23,45310,0.66,5.24,10.9,0.3,2.62,11.67,0.04,0.33,0.69,0.3,0.01,0.05,13,11,12,6,16,7,CRISIL Short Duration Debt Index,Mahindra Manulife Short Duration Fund-Reg(G),0.72,4.88,10.41,0.29,2.43,-329.21,25
Motilal Oswal Asset Allocation Passive FoF-Aggressive-Reg(G),2021-03-12,45344,8.78,1.51,2.31,1.31,9.6,10.11,0.55,0.1,0.15,1.31,0.04,0.04,25,22,23,35,16,27,NIFTY 500 - TRI,Motilal Oswal Asset Allocation Passive FoF-Aggressive-Reg(G),9.62,1.52,2.48,1.28,8.14,15.17,53
Invesco India Nifty G-sec Jul 2027 Index Fund-Reg(G),2023-03-20,47794,0.77,4.85,10.3,0.34,2.77,11.09,0.05,0.31,0.65,0.34,0.01,0.04,15,15,15,16,15,15,Nifty G-sec Jul 2027 Index,Invesco India Nifty G-sec Jul 2027 Index Fund-Reg(G),0.82,5.2,11.09,0.34,2.81,17.81,30
HDFC NIFTY Next 50 ETF,2022-08-05,39624,20.22,1.35,1.95,1.14,19.98,23.94,1.27,0.08,0.12,1.14,0.08,0.1,123,17,30,121,18,29,NIFTY NEXT 50 - TRI,HDFC NIFTY Next 50 ETF,17.01,0.92,1.48,1.08,9.59,33.64,141
Tata Quant Fund-Reg(G),2020-01-22,44447,14.87,0.61,0.93,0.89,3.02,10.21,0.94,0.04,0.06,0.89,0.01,0.04,25,51,49,24,53,53,BSE 200 - TRI,Tata Quant Fund-Reg(G),16.34,1.16,1.75,0.88,12.2,20.19,55
Bank of India Midcap Tax Fund-Sr 1-Reg(G),2018-02-19,38076,17.06,1.0,1.48,0.94,10.76,18.27,1.07,0.06,0.09,0.94,0.04,0.07,50,36,36,41,27,27,BSE 500 - TRI,Bank of India Midcap Tax Fund-Sr 1-Reg(G),15.04,1.12,1.66,0.9,10.62,18.62,59
Bank of India Conservative Hybrid Fund-Reg(G),2009-03-18,7569,4.49,0.89,1.23,0.97,1.23,4.11,0.28,0.06,0.08,0.97,0.0,0.02,17,19,19,13,17,17,CRISIL Hybrid 85+15 - Conservative Index,Bank of India Conservative Hybrid Fund-Reg(G),3.6,1.81,2.82,0.83,4.04,8.5,19
Aditya Birla SL CRISIL Liquid Overnight ETF,2023-03-13,47722,0.14,6.82,9.08,0.0,0.96,-420.41,0.01,0.43,0.57,0.0,0.0,-1.67,30,32,6,6,5,28,CRISIL Liquid Overnight Index,Aditya Birla SL CRISIL Liquid Overnight ETF,0.04,22.53,3.83,0.0,0.44,827.61,35
Navi Liquid Fund-Reg(G),2010-02-19,8544,0.15,9.57,11.98,0.0,1.46,-506.39,0.01,0.6,0.75,0.0,0.01,-2.01,34,32,5,7,5,10,CRISIL Liquid Debt Index,Navi Liquid Fund-Reg(G),0.09,10.46,6.78,0.0,0.88,-950.95,37
Axis Silver FoF-Reg(G),2022-09-21,46368,21.7,0.61,1.11,0.91,10.84,14.64,1.37,0.04,0.07,0.91,0.04,0.06,14,14,14,16,16,13,Silver,Axis Silver FoF-Reg(G),15.27,1.04,1.72,0.3,14.13,-17.36,16
Aditya Birla SL Nifty Next 50 ETF,2018-12-18,38262,20.24,1.36,1.97,1.14,19.81,24.22,1.27,0.09,0.12,1.14,0.08,0.1,125,12,23,118,20,22,NIFTY NEXT 50 - TRI,Aditya Birla SL Nifty Next 50 ETF,17.01,0.92,1.48,1.08,9.59,33.64,141
Franklin India Medium to Long Duration Fund-Reg(G),2024-09-24,48952,,,,,,,,,,,,,,,,,,,CRISIL Medium to Long Term Debt Index,Franklin India Medium to Long Duration Fund-Reg(G),1.13,4.15,8.8,0.46,2.73,11.37,52
Nippon India FHF-XLI-8-3654D(G),2019-04-26,43259,1.37,3.49,6.6,0.32,3.88,14.79,0.09,0.22,0.42,0.32,0.02,0.06,89,59,55,86,4,51,CRISIL Dynamic Gilt Index,Nippon India FHF-XLI-8-3654D(G),0.58,5.03,10.51,0.18,2.24,37.0,91
Navi ELSS Tax Saver Fund-Reg(G),2015-12-30,32632,12.97,0.77,1.19,0.82,4.44,12.22,0.82,0.05,0.07,0.82,0.02,0.05,9,44,43,13,49,49,NIFTY 500 - TRI,Navi ELSS Tax Saver Fund-Reg(G),15.04,1.12,1.66,0.9,10.62,18.62,59
ICICI Pru FMP-88-1303D-S(G),2023-03-14,47688,0.68,5.81,13.06,0.19,3.4,21.02,0.04,0.37,0.82,0.19,0.01,0.08,67,30,31,58,13,31,CRISIL Medium Duration Debt Index,ICICI Pru FMP-88-1303D-S(G),0.58,5.03,10.51,0.18,2.24,37.0,91
Nippon India ETF Nifty Dividend Opportunities 50,2014-04-15,17481,17.21,1.02,1.54,1.07,10.68,16.41,1.08,0.06,0.1,1.07,0.04,0.07,80,58,66,103,59,66,Nifty Dividend Opportunities 50 - TRI,Nippon India ETF Nifty Dividend Opportunities 50,17.01,0.92,1.48,1.08,9.59,33.64,141
Mirae Asset Global Electric & Autonomous Vehicles ETFs FoF-Reg(G),2022-09-07,46002,21.75,-0.19,-0.33,1.42,-8.19,-2.87,1.37,-0.01,-0.02,1.42,-0.03,-0.01,48,50,50,48,51,50,Solactive Autonomous & Electric Vehicles Index - TRI,Mirae Asset Global Electric & Autonomous Vehicles ETFs FoF-Reg(G),16.52,0.81,1.35,0.96,10.81,11.46,57
Samco Overnight Fund-Reg(G),2022-10-12,46969,0.02,4.5,0.55,0.0,0.08,1062.36,0.0,0.28,0.03,0.0,0.0,4.22,25,35,35,15,35,17,CRISIL Liquid Overnight Index,Samco Overnight Fund-Reg(G),0.04,22.53,3.83,0.0,0.44,827.61,35
Union Childrens Fund-Reg(G),2023-12-19,48373,14.64,1.11,1.59,2.2,10.11,7.38,0.92,0.07,0.1,2.2,0.04,0.03,33,28,33,33,10,20,BSE 500 - TRI,Union Childrens Fund-Reg(G),9.74,1.43,2.23,1.7,7.6,7.65,40
DSP US Treasury FoF-Reg(G),2024-03-18,48492,,,,,,,,,,,,,,,,,,,S&P US Treasury Bond Index,DSP US Treasury FoF-Reg(G),16.52,0.81,1.35,0.96,10.81,11.46,57
Franklin India Multi-Asset Solution FoF(G),2014-11-28,31040,5.8,1.52,2.5,0.69,6.85,12.7,0.37,0.1,0.16,0.69,0.03,0.05,16,21,18,16,32,15,NIFTY 500 - TRI,Franklin India Multi-Asset Solution FoF(G),9.62,1.52,2.48,1.28,8.14,15.17,53
Baroda BNP Paribas Nifty 50 Index Fund-Reg(G),2024-01-29,41180,,,,,,,,,,,,,,,,,,,NIFTY 50 - TRI,Baroda BNP Paribas Nifty 50 Index Fund-Reg(G),17.24,0.91,1.37,0.98,9.41,16.44,104
Quantum Multi Asset FOFs-Reg(G),2012-07-11,20096,5.03,1.68,2.86,0.67,6.55,12.65,0.32,0.11,0.18,0.67,0.03,0.05,14,16,15,15,35,16,NIFTY 50 - TRI,Quantum Multi Asset FOFs-Reg(G),9.62,1.52,2.48,1.28,8.14,15.17,53
Motilal Oswal Nifty 500 Momentum 50 ETF,2024-09-24,49151,9.46,-0.95,-1.82,0.43,72.4,-20.97,0.6,-0.06,-0.11,0.43,0.29,-0.08,1,139,139,5,1,138,Nifty500 Momentum 50 - TRI,Motilal Oswal Nifty 500 Momentum 50 ETF,17.01,0.92,1.48,1.08,9.59,33.64,141
WOC ESG Best-In-Class Strategy Fund-Reg(G),2024-10-30,49117,,,,,,,,,,,,,,,,,,,NIFTY100 ESG - TRI,WOC ESG Best-In-Class Strategy Fund-Reg(G),16.34,1.16,1.75,0.88,12.2,20.19,55
HSBC Managed Solutions India-Moderate(G),2014-04-30,28309,9.94,1.28,1.86,1.69,7.89,7.56,0.63,0.08,0.12,1.69,0.03,0.03,31,33,33,39,23,41,CRISIL Hybrid 35+65 - Aggressive Index,HSBC Managed Solutions India-Moderate(G),9.62,1.52,2.48,1.28,8.14,15.17,53
Groww Short Duration Fund-Reg(G),2013-09-13,23158,0.63,4.27,8.96,0.28,1.92,9.73,0.04,0.27,0.56,0.28,0.01,0.04,4,23,23,3,24,21,CRISIL Short Duration Debt Index,Groww Short Duration Fund-Reg(G),0.72,4.88,10.41,0.29,2.43,-329.21,25
TRUSTMF FMP-SR-II-Reg(G),2023-03-31,45723,0.52,9.37,19.44,0.13,4.46,36.26,0.03,0.59,1.22,0.13,0.02,0.14,47,6,10,30,1,16,CRISIL Medium Duration Debt Index,TRUSTMF FMP-SR-II-Reg(G),0.58,5.03,10.51,0.18,2.24,37.0,91
Shriram Balanced Advantage Fund-Reg(G),2019-07-05,43158,12.17,0.53,0.74,2.12,0.58,3.07,0.77,0.03,0.05,2.12,0.0,0.01,28,27,27,29,27,27,NIFTY 50 Hybrid Composite Debt 50:50 Index,Shriram Balanced Advantage Fund-Reg(G),8.82,1.2,1.77,1.52,6.03,7.2,29
ICICI Pru Nifty India Consumption ETF,2021-10-28,45678,13.13,1.32,2.44,0.74,12.63,23.41,0.83,0.08,0.15,0.74,0.05,0.09,13,20,10,24,51,33,Nifty India Consumption - TRI,ICICI Pru Nifty India Consumption ETF,17.01,0.92,1.48,1.08,9.59,33.64,141
Kotak NIFTY Midcap 150 Momentum 50 Index Fund-Reg(G),2024-10-08,49180,,,,,,,,,,,,,,,,,,,Nifty Midcap150 Momentum 50 - TRI,Kotak NIFTY Midcap 150 Momentum 50 Index Fund-Reg(G),17.24,0.91,1.37,0.98,9.41,16.44,104
UTI FTIF-XXXVI-I(1574D)(G),2023-02-28,47684,1.01,3.8,8.06,0.4,2.72,9.63,0.06,0.24,0.51,0.4,0.01,0.04,84,56,52,87,49,66,CRISIL Short Duration Debt Index,UTI FTIF-XXXVI-I(1574D)(G),0.58,5.03,10.51,0.18,2.24,37.0,91
DSP 10Y G-Sec Fund-Reg(G),2014-09-26,17573,2.16,2.23,4.03,1.15,1.61,4.21,0.14,0.14,0.25,1.15,0.01,0.02,2,6,5,3,6,6,Crisil 10 Yr Gilt Index,DSP 10Y G-Sec Fund-Reg(G),2.18,2.35,4.16,1.15,1.89,4.45,6
Groww Gold ETF,2024-10-22,49188,,,,,,,,,,,,,,,,,,,Gold-India,Groww Gold ETF,17.5,0.93,1.44,0.21,14.13,31.92,25
Kotak Silver ETF FoF-Reg(G),2023-03-31,46628,23.21,0.57,0.99,0.77,11.11,17.21,1.46,0.04,0.06,0.77,0.04,0.07,15,16,16,15,15,12,Silver,Kotak Silver ETF FoF-Reg(G),15.27,1.04,1.72,0.3,14.13,-17.36,16
Aditya Birla SL Nifty 200 Quality 30 ETF,2022-08-12,46122,13.43,0.95,1.58,0.76,7.59,16.76,0.85,0.06,0.1,0.76,0.03,0.07,19,65,62,33,75,59,NIFTY200 Quality 30 - TRI,Aditya Birla SL Nifty 200 Quality 30 ETF,17.01,0.92,1.48,1.08,9.59,33.64,141
DSP Global Allocation FoF-Reg(G),2014-08-21,14756,8.52,0.83,1.33,0.56,5.54,12.52,0.54,0.05,0.08,0.56,0.02,0.05,2,34,34,13,37,33,MSCI ACWI Net TRI,DSP Global Allocation FoF-Reg(G),16.52,0.81,1.35,0.96,10.81,11.46,57
Kotak International REIT FOF-Reg(G),2020-12-29,42804,17.62,-0.3,-0.52,1.94,-10.41,-2.7,1.11,-0.02,-0.03,1.94,-0.04,-0.01,37,51,52,55,52,49,S&P Asia Pacific ex Japan REIT - TRI,Kotak International REIT FOF-Reg(G),16.52,0.81,1.35,0.96,10.81,11.46,57
PGIM India Global Select Real Estate Securities FoF-Reg(G),2021-12-03,46019,12.99,0.35,0.56,1.2,1.41,3.78,0.82,0.02,0.04,1.2,0.01,0.02,12,43,43,38,42,41,FTSE EPRA/NAREIT Developed Index,PGIM India Global Select Real Estate Securities FoF-Reg(G),16.52,0.81,1.35,0.96,10.81,11.46,57
Tata Nifty Realty Index Fund-Reg(G),2024-04-26,48684,,,,,,,,,,,,,,,,,,,NIFTY REALTY - TRI,Tata Nifty Realty Index Fund-Reg(G),17.24,0.91,1.37,0.98,9.41,16.44,104
Shriram ELSS Tax Saver Fund-Reg(G),2019-01-25,41744,17.86,0.77,1.07,1.04,6.65,13.2,1.13,0.05,0.07,1.04,0.03,0.05,55,46,48,57,43,48,NIFTY 500 - TRI,Shriram ELSS Tax Saver Fund-Reg(G),15.04,1.12,1.66,0.9,10.62,18.62,59
Mirae Asset Banking and PSU Fund-Reg(G),2020-07-24,45003,0.84,4.54,9.44,0.41,2.67,9.42,0.05,0.29,0.59,0.41,0.01,0.04,21,19,17,21,20,20,CRISIL Banking and PSU Debt Index,Mirae Asset Banking and PSU Fund-Reg(G),0.72,5.38,10.96,0.32,2.81,13.24,26
SBI LT Advantage Fund-I-Reg(G),2015-02-11,30484,15.9,1.44,2.11,0.91,16.81,25.17,1.0,0.09,0.13,0.91,0.07,0.1,41,11,11,30,10,8,BSE 500,SBI LT Advantage Fund-I-Reg(G),15.04,1.12,1.66,0.9,10.62,18.62,59
DSP Nifty PSU Bank ETF,2023-07-27,47908,29.96,0.62,0.9,1.49,8.79,12.4,1.89,0.04,0.06,1.49,0.03,0.05,137,111,118,136,70,84,NIFTY PSU BANK - TRI,DSP Nifty PSU Bank ETF,17.01,0.92,1.48,1.08,9.59,33.64,141
Aditya Birla SL CRISIL IBX 60:40 SDL + AAA PSU Apr 2026 Index Fund-Reg(G),2022-12-02,47220,0.48,6.98,15.9,0.16,2.9,21.27,0.03,0.44,1.0,0.16,0.01,0.08,2,3,3,3,9,3,CRISIL IBX 60:40 SDL + AAA PSU Index - April 2026,Aditya Birla SL CRISIL IBX 60:40 SDL + AAA PSU Apr 2026 Index Fund-Reg(G),0.72,5.38,10.96,0.32,2.81,13.24,26
Groww Dynamic Bond Fund-Reg(G),2018-12-04,38110,1.43,1.97,3.51,0.71,0.81,3.98,0.09,0.12,0.22,0.71,0.0,0.02,4,19,17,6,20,17,CRISIL Dynamic Bond Index,Groww Dynamic Bond Fund-Reg(G),1.9,2.82,5.14,0.96,1.75,9.49,22
Aditya Birla SL Nifty IT ETF,2021-10-29,45697,19.53,1.05,1.92,0.75,15.47,27.54,1.23,0.07,0.12,0.75,0.06,0.11,114,55,37,30,45,16,NIFTY IT - TRI,Aditya Birla SL Nifty IT ETF,17.01,0.92,1.48,1.08,9.59,33.64,141
Navi Nifty India Manufacturing Index Fund-Reg(G),2022-08-26,45954,16.57,1.36,2.07,0.96,15.9,23.28,1.04,0.09,0.13,0.96,0.06,0.09,51,3,2,30,22,20,Nifty India Manufacturing - TRI,Navi Nifty India Manufacturing Index Fund-Reg(G),17.24,0.91,1.37,0.98,9.41,16.44,104
Nippon India FHF-XLIV-4-1223D(G),2022-12-07,47212,0.69,5.31,11.61,0.23,2.97,15.52,0.04,0.33,0.73,0.23,0.01,0.06,74,42,43,73,30,43,CRISIL Medium Duration Debt Index,Nippon India FHF-XLIV-4-1223D(G),0.58,5.03,10.51,0.18,2.24,37.0,91
ITI Liquid Fund-Reg(G),2019-04-24,43396,0.04,11.66,3.55,0.0,0.48,-2263.04,0.0,0.73,0.22,0.0,0.0,-8.98,1,5,37,35,37,36,CRISIL Liquid Debt Index,ITI Liquid Fund-Reg(G),0.09,10.46,6.78,0.0,0.88,-950.95,37
HDFC FMP-Sr 47-1204D-Dec 2022-Reg(G),2022-12-27,46876,0.58,5.53,12.7,0.2,2.6,15.6,0.04,0.35,0.8,0.2,0.01,0.06,52,34,34,63,52,40,NIFTY Medium Duration Debt Index,HDFC FMP-Sr 47-1204D-Dec 2022-Reg(G),0.58,5.03,10.51,0.18,2.24,37.0,91
Taurus Large Cap Fund-Reg(G),1995-02-28,3305,15.14,1.05,1.54,1.0,9.2,16.03,0.95,0.07,0.1,1.0,0.04,0.06,28,15,15,27,12,13,BSE 100 - TRI,Taurus Large Cap Fund-Reg(G),14.36,0.98,1.47,0.94,7.52,14.84,36
LIC MF Conservative Hybrid Fund(G),1998-04-01,2142,3.17,1.45,2.67,0.77,2.42,5.97,0.2,0.09,0.17,0.77,0.01,0.02,4,15,11,8,15,16,CRISIL Hybrid 85+15 - Conservative Index,LIC MF Conservative Hybrid Fund(G),3.6,1.81,2.82,0.83,4.04,8.5,19
Groww ELSS Tax Saver Fund-Reg(G),2017-12-28,38133,15.58,1.05,1.56,0.97,9.73,16.81,0.98,0.07,0.1,0.97,0.04,0.07,38,33,31,44,30,34,BSE 500 - TRI,Groww ELSS Tax Saver Fund-Reg(G),15.04,1.12,1.66,0.9,10.62,18.62,59
HSBC Medium to Long Duration Fund Fund(G),2002-12-10,1432,1.89,1.85,3.12,1.0,0.68,3.53,0.12,0.12,0.2,1.0,0.0,0.01,48,51,51,49,52,52,NIFTY Medium to Long Duration Debt Index,HSBC Medium to Long Duration Fund Fund(G),1.13,4.15,8.8,0.46,2.73,11.37,52
DSP FMP 264-60M & 17D-Reg(G),2021-09-13,43787,0.72,5.51,12.41,0.2,3.38,19.48,0.05,0.35,0.78,0.2,0.01,0.08,78,35,35,62,15,33,CRISIL Medium to Long Term Debt Index,DSP FMP 264-60M & 17D-Reg(G),0.58,5.03,10.51,0.18,2.24,37.0,91
Shriram Aggressive Hybrid Fund-Reg(G),2013-12-06,24794,13.19,0.77,1.08,2.21,3.98,4.59,0.83,0.05,0.07,2.21,0.02,0.02,52,51,52,53,43,53,CRISIL Hybrid 35+65 - Aggressive Index,Shriram Aggressive Hybrid Fund-Reg(G),8.07,1.33,2.02,1.29,7.19,8.87,53
HDFC Dynamic PE Ratio FOF-Reg(G),2012-02-06,16034,6.91,1.34,1.92,1.26,5.72,7.33,0.44,0.08,0.12,1.26,0.02,0.03,24,29,32,33,37,43,NIFTY 50 Hybrid Composite Debt 65:35 Index,HDFC Dynamic PE Ratio FOF-Reg(G),9.62,1.52,2.48,1.28,8.14,15.17,53
HDFC NIFTY SDL Plus G-Sec Jun 2027 40:60 Index Fund-Reg(G),2023-03-23,47769,0.69,5.61,12.21,0.3,3.05,13.05,0.04,0.35,0.77,0.3,0.01,0.05,11,11,11,12,13,11,NIFTY SDL Plus G-Sec Jun 2027 40:60 Index,HDFC NIFTY SDL Plus G-Sec Jun 2027 40:60 Index Fund-Reg(G),0.82,5.2,11.09,0.34,2.81,17.81,30
Motilal Oswal Nifty 50 ETF,2010-07-28,8634,13.99,0.63,0.97,0.99,2.52,8.92,0.88,0.04,0.06,0.99,0.01,0.04,38,100,99,64,103,103,NIFTY 50 - TRI,Motilal Oswal Nifty 50 ETF,17.01,0.92,1.48,1.08,9.59,33.64,141
Groww Banking & Financial Services Fund-Reg(G),2024-02-06,48456,,,,,,,,,,,,,,,,,,,Nifty Financial Services - TRI,Groww Banking & Financial Services Fund-Reg(G),16.83,0.59,0.86,1.02,2.98,9.74,18
Motilal Oswal NASDAQ Q 50 ETF,2021-12-23,46181,17.17,1.29,2.24,1.12,19.05,19.78,1.08,0.08,0.14,1.12,0.08,0.08,77,27,15,116,21,48,NASDAQ Q-50-TRI,Motilal Oswal NASDAQ Q 50 ETF,17.01,0.92,1.48,1.08,9.59,33.64,141
Axis BSE Sensex Index Fund-Reg(G),2024-02-27,48476,,,,,,,,,,,,,,,,,,,BSE SENSEX - TRI,Axis BSE Sensex Index Fund-Reg(G),17.24,0.91,1.37,0.98,9.41,16.44,104
Kotak Nifty Midcap 50 ETF,2022-01-28,45730,19.23,1.07,1.59,1.06,13.71,19.38,1.21,0.07,0.1,1.06,0.05,0.08,105,49,61,102,47,51,Nifty Midcap 50 - TRI,Kotak Nifty Midcap 50 ETF,17.01,0.92,1.48,1.08,9.59,33.64,141
Groww Value Fund-Reg(G),2015-09-07,33606,14.9,0.71,1.04,0.96,4.11,11.09,0.94,0.04,0.07,0.96,0.02,0.04,8,22,22,10,22,22,NIFTY 500 - TRI,Groww Value Fund-Reg(G),15.75,1.23,1.82,0.96,12.57,20.22,22
SBI FMP-1-3668D-Reg(G),2019-03-28,43205,0.92,1.88,3.04,0.28,1.16,6.17,0.06,0.12,0.19,0.28,0.0,0.02,83,87,88,78,58,85,Crisil Long Term Debt Index,SBI FMP-1-3668D-Reg(G),0.58,5.03,10.51,0.18,2.24,37.0,91
Kotak NIFTY Midcap 50 Index Fund-Reg(G),2024-08-16,48955,,,,,,,,,,,,,,,,,,,Nifty Midcap 50 - TRI,Kotak NIFTY Midcap 50 Index Fund-Reg(G),17.24,0.91,1.37,0.98,9.41,16.44,104
Groww Aggressive Hybrid Fund-Reg(G),2018-12-13,41853,11.68,0.88,1.31,1.97,4.81,5.24,0.74,0.06,0.08,1.97,0.02,0.02,49,49,49,49,36,51,CRISIL Hybrid 35+65 - Aggressive Index,Groww Aggressive Hybrid Fund-Reg(G),8.07,1.33,2.02,1.29,7.19,8.87,53
Bandhan Nifty Smallcap 250 Index Fund-Reg(G),2023-12-22,48141,19.88,1.11,1.57,0.95,15.72,23.16,1.25,0.07,0.1,0.95,0.06,0.09,69,33,39,21,26,26,Nifty Smallcap 250 - TRI,Bandhan Nifty Smallcap 250 Index Fund-Reg(G),17.24,0.91,1.37,0.98,9.41,16.44,104
DSP Gold ETF FoF-Reg(G),2023-11-17,48322,13.17,1.14,1.84,-0.03,15.02,-558.61,0.83,0.07,0.12,-0.03,0.06,-2.22,6,8,9,3,5,16,Gold-London AM (INR),DSP Gold ETF FoF-Reg(G),15.27,1.04,1.72,0.3,14.13,-17.36,16
Mirae Asset Nifty PSU Bank ETF,2024-10-01,49099,,,,,,,,,,,,,,,,,,,NIFTY PSU BANK - TRI,Mirae Asset Nifty PSU Bank ETF,17.01,0.92,1.48,1.08,9.59,33.64,141
Groww Nifty Non-Cyclical Consumer Index Fund-Reg(G),2024-05-22,48799,,,,,,,,,,,,,,,,,,,Nifty Non-Cyclical Consumer - TRI,Groww Nifty Non-Cyclical Consumer Index Fund-Reg(G),17.24,0.91,1.37,0.98,9.41,16.44,104
Invesco India Nifty G-sec Sep 2032 Index Fund-Reg(G),2023-03-29,47756,1.8,2.96,5.28,0.96,2.6,5.54,0.11,0.19,0.33,0.96,0.01,0.02,4,9,9,8,10,9,Nifty G-Sec Sep 2032 Index,Invesco India Nifty G-sec Sep 2032 Index Fund-Reg(G),2.28,2.7,5.05,1.18,2.68,5.52,21
Baroda BNP Paribas Aqua FoF-Reg(G),2021-05-07,45484,12.76,-0.19,-0.31,1.49,-6.78,-1.61,0.8,-0.01,-0.02,1.49,-0.03,-0.01,11,49,49,50,49,48,MSCI World,Baroda BNP Paribas Aqua FoF-Reg(G),16.52,0.81,1.35,0.96,10.81,11.46,57
DSP Nifty Bank Index Fund-Reg(G),2024-05-31,48801,,,,,,,,,,,,,,,,,,,NIFTY BANK - TRI,DSP Nifty Bank Index Fund-Reg(G),17.24,0.91,1.37,0.98,9.41,16.44,104
SBI FMP-48-1458D-Reg(G),2021-08-04,45739,0.22,3.88,5.73,0.04,0.78,23.86,0.01,0.24,0.36,0.04,0.0,0.09,4,54,58,15,82,23,CRISIL Medium Duration Debt Index,SBI FMP-48-1458D-Reg(G),0.58,5.03,10.51,0.18,2.24,37.0,91
Tata Nifty Financial Services Index Fund-Reg(G),2024-04-26,48760,,,,,,,,,,,,,,,,,,,Nifty Financial Services - TRI,Tata Nifty Financial Services Index Fund-Reg(G),17.24,0.91,1.37,0.98,9.41,16.44,104
Nippon India ETF BSE Sensex Next 50,2019-07-30,43930,17.61,1.31,2.02,0.99,16.81,23.34,1.11,0.08,0.13,0.99,0.07,0.09,93,23,19,58,26,34,BSE Sensex Next 50 - TRI,Nippon India ETF BSE Sensex Next 50,17.01,0.92,1.48,1.08,9.59,33.64,141
ITI Dynamic Bond Fund-Reg(G),2021-07-14,45597,2.18,2.08,3.57,1.12,1.36,4.03,0.14,0.13,0.22,1.12,0.01,0.02,14,16,16,14,15,16,CRISIL Dynamic Bond Index,ITI Dynamic Bond Fund-Reg(G),1.9,2.82,5.14,0.96,1.75,9.49,22
Sundaram Medium Duration Fund(G),1997-12-18,2936,1.07,2.09,3.89,0.56,0.66,4.01,0.07,0.13,0.25,0.56,0.0,0.02,28,30,30,29,30,30,NIFTY Medium Duration Debt Index,Sundaram Medium Duration Fund(G),0.82,5.2,11.09,0.34,2.81,17.81,30
JM Dynamic Bond Fund-Reg(G),2003-06-25,1925,1.89,2.17,3.78,0.99,1.29,4.16,0.12,0.14,0.24,0.99,0.01,0.02,10,14,12,10,16,13,CRISIL Dynamic Bond Index,JM Dynamic Bond Fund-Reg(G),1.9,2.82,5.14,0.96,1.75,9.49,22
Aditya Birla SL CRISIL Broad Based Gilt ETF,2024-07-05,48976,,,,,,,,,,,,,,,,,,,CRISIL Broad Based Gilt Index,Aditya Birla SL CRISIL Broad Based Gilt ETF,1.18,4.51,6.53,0.39,2.09,-26.47,22
Motilal Oswal Asset Allocation Passive FoF-Conservative-Reg(G),2021-03-12,45346,6.34,1.48,2.34,0.9,6.88,10.41,0.4,0.09,0.15,0.9,0.03,0.04,20,25,22,23,31,25,Nifty 5 yr Benchmark G-Sec Index TRI,Motilal Oswal Asset Allocation Passive FoF-Conservative-Reg(G),9.62,1.52,2.48,1.28,8.14,15.17,53
DSP Nifty IT ETF,2023-07-07,47390,19.41,1.05,1.92,0.74,15.5,27.44,1.22,0.07,0.12,0.74,0.06,0.11,108,57,39,21,43,17,NIFTY IT - TRI,DSP Nifty IT ETF,17.01,0.92,1.48,1.08,9.59,33.64,141
UTI FTIF-XXXV-III(1176D)(G),2023-01-25,47531,0.6,5.37,11.78,0.21,2.62,15.3,0.04,0.34,0.74,0.21,0.01,0.06,54,38,37,64,51,48,CRISIL Medium Duration Debt Index,UTI FTIF-XXXV-III(1176D)(G),0.58,5.03,10.51,0.18,2.24,37.0,91
Mirae Asset Corp Bond Fund-Reg(G),2021-03-17,45356,0.85,4.62,9.39,0.4,2.77,9.7,0.05,0.29,0.59,0.4,0.01,0.04,18,19,14,15,16,18,CRISIL Corporate Bond Index,Mirae Asset Corp Bond Fund-Reg(G),0.77,5.2,10.07,0.36,2.92,11.38,21
HSBC Brazil Fund(G),2011-05-06,8587,20.12,-1.72,-2.8,0.07,-34.78,-519.78,1.27,-0.11,-0.18,0.07,-0.14,-2.06,46,57,57,2,57,57,MSCI Brazil 10/40 Index,HSBC Brazil Fund(G),16.52,0.81,1.35,0.96,10.81,11.46,57
HSBC Managed Solutions India-Growth(G),2014-04-30,28307,12.14,1.24,1.8,1.92,9.53,7.84,0.76,0.08,0.11,1.92,0.04,0.03,36,36,38,46,17,39,BSE 200 - TRI,HSBC Managed Solutions India-Growth(G),9.62,1.52,2.48,1.28,8.14,15.17,53
Aditya Birla SL Nifty Healthcare ETF,2021-10-21,45695,14.4,2.24,4.17,0.47,29.03,68.54,0.91,0.14,0.26,0.47,0.12,0.27,54,2,2,6,4,4,Nifty Healthcare Index - TRI,Aditya Birla SL Nifty Healthcare ETF,17.01,0.92,1.48,1.08,9.59,33.64,141
ICICI Pru LT Wealth Enhancement Fund(G),2018-03-23,38299,12.8,1.82,3.01,0.8,17.87,29.23,0.81,0.11,0.19,0.8,0.07,0.12,6,4,3,7,6,4,NIFTY 500 - TRI,ICICI Pru LT Wealth Enhancement Fund(G),15.04,1.12,1.66,0.9,10.62,18.62,59
SBI LT Advantage Fund-II-Reg(G),2015-04-01,30485,16.5,1.25,1.83,0.94,14.44,22.08,1.04,0.08,0.12,0.94,0.06,0.09,44,21,23,40,13,16,BSE 500,SBI LT Advantage Fund-II-Reg(G),15.04,1.12,1.66,0.9,10.62,18.62,59
ICICI Pru Nifty Commodities ETF,2022-12-15,47332,21.7,0.41,0.58,1.27,0.71,6.93,1.37,0.03,0.04,1.27,0.0,0.03,51,55,55,52,55,55,NIFTY COMMODITIES - TRI,ICICI Pru Nifty Commodities ETF,16.34,1.16,1.75,0.88,12.2,20.19,55
Groww Nifty 1D Rate Liquid ETF,2024-09-24,49128,,,,,,,,,,,,,,,,,,,Nifty 1D Rate Index,Groww Nifty 1D Rate Liquid ETF,1.18,4.51,6.53,0.39,2.09,-26.47,22
Bank of India Arbitrage Fund-Reg(G),2018-06-18,39384,1.0,2.83,6.15,-0.09,3.07,-31.83,0.06,0.18,0.39,-0.09,0.01,-0.13,10,24,25,12,23,7,Nifty 50 Arbitrage,Bank of India Arbitrage Fund-Reg(G),1.0,3.22,7.18,-0.08,3.47,-39.01,26
Aditya Birla SL Nifty SDL Sep 2027 Index Fund-Reg(G),2023-03-10,46893,0.84,4.87,10.73,0.33,3.15,12.52,0.05,0.31,0.68,0.33,0.01,0.05,17,14,12,14,8,13,Nifty SDL Sep 2027 Index,Aditya Birla SL Nifty SDL Sep 2027 Index Fund-Reg(G),0.82,5.2,11.09,0.34,2.81,17.81,30
UTI Silver ETF FoF-Reg(G),2023-04-21,46882,22.82,0.61,1.07,0.55,12.32,25.3,1.44,0.04,0.07,0.55,0.05,0.1,51,49,49,13,8,5,Silver,UTI Silver ETF FoF-Reg(G),9.62,1.52,2.48,1.28,8.14,15.17,53
UTI Medium Duration Fund-Reg(G),2015-03-31,31387,0.93,3.8,7.15,0.5,2.12,7.08,0.06,0.24,0.45,0.5,0.01,0.03,22,25,27,24,27,27,NIFTY Low Duration Debt Index,UTI Medium Duration Fund-Reg(G),0.82,5.2,11.09,0.34,2.81,17.81,30
UTI Nifty SDL Plus AAA PSU Bond Apr 2028 75:25 Index Fund-Reg(G),2023-03-03,47706,1.02,4.21,9.05,0.36,3.25,11.94,0.06,0.27,0.57,0.36,0.01,0.05,31,27,27,23,14,21,Nifty SDL Plus AAA PSU Bond Apr 2028 75:25 Index,UTI Nifty SDL Plus AAA PSU Bond Apr 2028 75:25 Index Fund-Reg(G),1.13,4.15,8.8,0.46,2.73,11.37,52
Kotak Nifty Financial Services Ex-Bank Index Fund-Reg(G),2023-08-14,48107,19.86,0.6,0.89,1.1,4.36,10.81,1.25,0.04,0.06,1.1,0.02,0.04,68,83,88,81,65,66,Nifty Financial Services Ex-Bank - TRI,Kotak Nifty Financial Services Ex-Bank Index Fund-Reg(G),17.24,0.91,1.37,0.98,9.41,16.44,104
Sundaram LT Micro Cap Tax Adv Fund-Sr VI-Reg(G),2017-09-28,37867,16.69,0.72,1.05,0.79,6.73,15.32,1.05,0.05,0.07,0.79,0.03,0.06,46,49,49,5,42,40,Nifty Smallcap 100,Sundaram LT Micro Cap Tax Adv Fund-Sr VI-Reg(G),15.04,1.12,1.66,0.9,10.62,18.62,59
Sundaram LT Micro Cap Tax Adv Fund-Sr IV-Reg(G),2017-03-24,36380,16.86,0.71,1.03,0.8,6.5,14.97,1.06,0.04,0.06,0.8,0.03,0.06,47,50,51,6,44,41,Nifty Smallcap 100,Sundaram LT Micro Cap Tax Adv Fund-Sr IV-Reg(G),15.04,1.12,1.66,0.9,10.62,18.62,59
ITI Arbitrage Fund-Reg(G),2019-09-09,44126,1.08,2.92,6.35,-0.1,3.43,-31.78,0.07,0.18,0.4,-0.1,0.01,-0.13,26,22,23,7,19,5,Nifty 50 Arbitrage,ITI Arbitrage Fund-Reg(G),1.0,3.22,7.18,-0.08,3.47,-39.01,26
Mirae Asset Nifty500 Multicap 50:25:25 ETF,2024-08-30,49071,,,,,,,,,,,,,,,,,,,Nifty500 Multicap 50:25:25 - TRI,Mirae Asset Nifty500 Multicap 50:25:25 ETF,17.01,0.92,1.48,1.08,9.59,33.64,141
Motilal Oswal BSE Quality Index Fund-Reg(G),2022-08-22,46744,16.31,0.87,1.32,0.92,7.99,15.5,1.03,0.05,0.08,0.92,0.03,0.06,50,58,58,12,58,57,BSE Quality Index - TRI,Motilal Oswal BSE Quality Index Fund-Reg(G),17.24,0.91,1.37,0.98,9.41,16.44,104
SBI NIFTY 1D Rate ETF,2023-10-27,48244,0.11,7.29,7.74,0.0,0.78,-355.24,0.01,0.46,0.49,0.0,0.0,-1.41,2,6,10,4,18,22,Nifty 1D Rate Index,SBI NIFTY 1D Rate ETF,1.18,4.51,6.53,0.39,2.09,-26.47,22
SBI FMP-54-1842D-Reg(G),2021-11-08,46004,0.5,2.62,4.7,0.14,1.01,9.07,0.03,0.16,0.3,0.14,0.0,0.04,42,74,71,36,61,69,CRISIL Medium to Long Term Debt Index,SBI FMP-54-1842D-Reg(G),0.58,5.03,10.51,0.18,2.24,37.0,91
Aditya Birla SL Financial Planning FOF Moderate Plan(G),2011-05-09,8299,9.14,1.24,1.8,1.42,7.31,8.01,0.58,0.08,0.11,1.42,0.03,0.03,28,35,37,36,27,37,CRISIL Hybrid 50+50 - Moderate Index,Aditya Birla SL Financial Planning FOF Moderate Plan(G),9.62,1.52,2.48,1.28,8.14,15.17,53
Sundaram LT Tax Adv Fund-Sr III-Reg(G),2018-03-28,38374,16.3,0.64,0.93,0.78,5.09,13.33,1.03,0.04,0.06,0.78,0.02,0.05,43,55,55,4,48,47,BSE 500,Sundaram LT Tax Adv Fund-Sr III-Reg(G),15.04,1.12,1.66,0.9,10.62,18.62,59
Bandhan Nifty Total Market Index Fund-Reg(G),2024-07-10,48651,,,,,,,,,,,,,,,,,,,Nifty Total Market - TRI,Bandhan Nifty Total Market Index Fund-Reg(G),17.24,0.91,1.37,0.98,9.41,16.44,104
Bank of India Midcap Tax Fund-Sr 2-Reg(G),2018-10-19,39958,17.11,0.96,1.41,0.94,10.03,17.44,1.08,0.06,0.09,0.94,0.04,0.07,51,40,40,42,29,29,BSE 500 - TRI,Bank of India Midcap Tax Fund-Sr 2-Reg(G),15.04,1.12,1.66,0.9,10.62,18.62,59
Zerodha Nifty Midcap 150 ETF,2024-06-12,48886,,,,,,,,,,,,,,,,,,,Nifty Midcap 150 - TRI,Zerodha Nifty Midcap 150 ETF,17.01,0.92,1.48,1.08,9.59,33.64,141
Invesco India - Invesco Pan European Equity FoF-Reg(G),2014-01-31,24619,14.31,-0.73,-1.13,1.65,-14.64,-6.35,0.9,-0.05,-0.07,1.65,-0.06,-0.03,21,55,55,53,53,52,MSCI Europe Index (Total Return Net),Invesco India - Invesco Pan European Equity FoF-Reg(G),16.52,0.81,1.35,0.96,10.81,11.46,57
HSBC Global Emerging Markets Fund(G),2008-03-17,4314,14.64,0.6,1.0,1.12,5.44,7.84,0.92,0.04,0.06,1.12,0.02,0.03,23,37,37,32,38,36,MSCI Emerging Market Index,HSBC Global Emerging Markets Fund(G),16.52,0.81,1.35,0.96,10.81,11.46,57
SBI FMP-6-3668D-Reg(G),2019-05-16,43566,0.91,1.74,2.81,0.28,1.03,5.75,0.06,0.11,0.18,0.28,0.0,0.02,82,90,91,77,59,88,Crisil Long Term Debt Index,SBI FMP-6-3668D-Reg(G),0.58,5.03,10.51,0.18,2.24,37.0,91
Kotak FMP-305-1200D(G),2023-01-19,47432,0.65,5.33,11.48,0.22,2.85,15.72,0.04,0.34,0.72,0.22,0.01,0.06,62,40,44,66,37,39,NIFTY Medium Duration Debt Index,Kotak FMP-305-1200D(G),0.58,5.03,10.51,0.18,2.24,37.0,91
HDFC NIFTY50 Value 20 ETF,2022-09-23,46890,14.43,1.09,1.79,0.94,9.75,16.73,0.91,0.07,0.11,0.94,0.04,0.07,58,41,43,43,63,61,Nifty50 Value 20 - TRI,HDFC NIFTY50 Value 20 ETF,17.01,0.92,1.48,1.08,9.59,33.64,141
Sundaram LT Micro Cap Tax Adv Fund-Sr V-Reg(G),2017-07-05,36903,16.91,0.78,1.14,0.81,7.74,16.41,1.07,0.05,0.07,0.81,0.03,0.07,49,42,45,10,38,35,Nifty Smallcap 100,Sundaram LT Micro Cap Tax Adv Fund-Sr V-Reg(G),15.04,1.12,1.66,0.9,10.62,18.62,59
Motilal Oswal BSE Healthcare ETF,2022-07-29,46222,13.23,2.56,4.67,0.47,30.84,71.57,0.83,0.16,0.29,0.47,0.12,0.28,15,1,1,7,3,3,BSE Health Care - TRI,Motilal Oswal BSE Healthcare ETF,17.01,0.92,1.48,1.08,9.59,33.64,141
HDFC FMP-Sr 46-1162D-Mar 2022-Reg(G),2022-03-15,46474,0.36,9.34,21.14,0.05,3.25,68.75,0.02,0.59,1.33,0.05,0.01,0.27,21,7,5,17,21,12,NIFTY Medium Duration Debt Index,HDFC FMP-Sr 46-1162D-Mar 2022-Reg(G),0.58,5.03,10.51,0.18,2.24,37.0,91
Aditya Birla SL Nifty PSE ETF,2024-05-17,48469,,,,,,,,,,,,,,,,,,,NIFTY PSE,Aditya Birla SL Nifty PSE ETF,17.01,0.92,1.48,1.08,9.59,33.64,141
Axis CRISIL IBX 50:50 Gilt Plus SDL Sep 2027 Index Fund-Reg(G),2023-02-27,47621,0.75,5.12,10.95,0.32,2.95,12.0,0.05,0.32,0.69,0.32,0.01,0.05,11,14,17,20,28,20,CRISIL IBX 50:50 Gilt Plus SDL Index - September 2027,Axis CRISIL IBX 50:50 Gilt Plus SDL Sep 2027 Index Fund-Reg(G),1.13,4.15,8.8,0.46,2.73,11.37,52
Kotak NIFTY MNC ETF,2022-08-05,45729,14.22,1.07,1.73,0.77,10.21,19.68,0.9,0.07,0.11,0.77,0.04,0.08,51,48,52,35,61,50,NIFTY MNC - TRI,Kotak NIFTY MNC ETF,17.01,0.92,1.48,1.08,9.59,33.64,141
HDFC FMP-Sr 46-1876D-Mar 2022-Reg(G),2022-03-29,46540,0.69,5.9,14.03,0.3,3.25,13.66,0.04,0.37,0.88,0.3,0.01,0.05,76,29,26,83,20,56,NIFTY Medium to Long Duration Debt Index,HDFC FMP-Sr 46-1876D-Mar 2022-Reg(G),0.58,5.03,10.51,0.18,2.24,37.0,91
Mirae Asset Nifty Total Market Index Fund-Reg(G),2024-10-28,49226,,,,,,,,,,,,,,,,,,,Nifty Total Market - TRI,Mirae Asset Nifty Total Market Index Fund-Reg(G),17.24,0.91,1.37,0.98,9.41,16.44,104
Baroda BNP Paribas NIFTY SDL Dec 2028 Index Fund-Reg(G),2023-03-24,47771,1.31,3.42,7.33,0.44,3.2,10.03,0.08,0.22,0.46,0.44,0.01,0.04,38,35,35,35,16,30,Nifty SDL Dec 2028 Index,Baroda BNP Paribas NIFTY SDL Dec 2028 Index Fund-Reg(G),1.13,4.15,8.8,0.46,2.73,11.37,52
Nippon India Inv-Qrtly-II(G),2007-05-07,2611,0.29,11.32,23.83,0.01,3.28,299.1,0.02,0.71,1.5,0.01,0.01,1.19,13,1,1,1,18,1,CRISIL Liquid Debt Index,Nippon India Inv-Qrtly-II(G),0.58,5.03,10.51,0.18,2.24,37.0,91
Motilal Oswal Developed Market Ex US ETFs FoF-Reg(G),2023-09-21,48142,12.56,0.11,0.19,1.17,-1.84,1.21,0.79,0.01,0.01,1.17,-0.01,0.0,9,45,45,37,46,44,S&P Developed Ex-U.S. BMI Total Return Index,Motilal Oswal Developed Market Ex US ETFs FoF-Reg(G),16.52,0.81,1.35,0.96,10.81,11.46,57
ITI Banking & PSU Debt Fund-Reg(G),2020-10-22,44398,0.79,4.45,9.0,0.39,2.42,9.1,0.05,0.28,0.57,0.39,0.01,0.04,17,21,18,18,26,22,CRISIL Banking and PSU Debt Index,ITI Banking & PSU Debt Fund-Reg(G),0.72,5.38,10.96,0.32,2.81,13.24,26
Mirae Asset Nifty Metal ETF,2024-10-03,49100,,,,,,,,,,,,,,,,,,,NIFTY METAL - TRI,Mirae Asset Nifty Metal ETF,17.01,0.92,1.48,1.08,9.59,33.64,141
Zerodha Nifty 100 ETF,2024-06-12,48885,,,,,,,,,,,,,,,,,,,NIFTY 100 - TRI,Zerodha Nifty 100 ETF,17.01,0.92,1.48,1.08,9.59,33.64,141
Quantum Multi Asset Allocation Fund-Reg(G),2024-03-07,48217,,,,,,,,,,,,,,,,,,,CRISIL Short Term Bond Index,Quantum Multi Asset Allocation Fund-Reg(G),9.07,1.42,2.17,1.57,8.44,12.46,17
Motilal Oswal 5 Year G-Sec FoF-Reg(G),2021-10-06,45925,6.31,0.56,0.95,0.23,2.87,15.3,0.4,0.04,0.06,0.23,0.01,0.06,19,52,52,6,48,11,Nifty 5 yr Benchmark G-Sec Index TRI,Motilal Oswal 5 Year G-Sec FoF-Reg(G),9.62,1.52,2.48,1.28,8.14,15.17,53
Aditya Birla SL CRISIL IBX Gilt Apr 2028 Index Fund-Reg(G),2023-03-15,47757,0.89,3.71,7.88,0.41,2.14,8.04,0.06,0.23,0.5,0.41,0.01,0.03,21,33,32,30,43,36,CRISIL IBX Gilt Index - April 2028,Aditya Birla SL CRISIL IBX Gilt Apr 2028 Index Fund-Reg(G),1.13,4.15,8.8,0.46,2.73,11.37,52
Nippon India ETF Nifty 50 Shariah BeES,2009-03-18,7599,13.37,0.51,0.97,0.72,2.29,9.58,0.84,0.03,0.06,0.72,0.01,0.04,17,125,100,16,107,93,Nifty50 Shariah - TRI,Nippon India ETF Nifty 50 Shariah BeES,17.01,0.92,1.48,1.08,9.59,33.64,141
HDFC Nifty PSU Bank ETF,2024-01-31,48522,,,,,,,,,,,,,,,,,,,NIFTY PSU BANK - TRI,HDFC Nifty PSU Bank ETF,17.01,0.92,1.48,1.08,9.59,33.64,141
Baroda BNP Paribas Medium Duration Fund-Reg(G),2014-03-05,16677,0.85,3.98,7.18,0.36,2.32,9.35,0.05,0.25,0.45,0.36,0.01,0.04,18,23,26,17,26,20,CRISIL Medium Duration Debt Index,Baroda BNP Paribas Medium Duration Fund-Reg(G),0.82,5.2,11.09,0.34,2.81,17.81,30
Aditya Birla SL Inv Inc-QS I-Reg(G),2007-08-30,466,0.3,11.13,23.74,0.01,3.28,276.97,0.02,0.7,1.5,0.01,0.01,1.1,15,2,2,2,19,2,CRISIL Liquid Debt Index,Aditya Birla SL Inv Inc-QS I-Reg(G),0.58,5.03,10.51,0.18,2.24,37.0,91
PGIM India CRISIL IBX Gilt Index - Apr 2028 Fund-Reg(G),2023-02-22,47617,0.91,4.03,8.55,0.41,2.47,8.79,0.06,0.25,0.54,0.41,0.01,0.03,22,29,29,32,39,34,CRISIL IBX Gilt Index - April 2028,PGIM India CRISIL IBX Gilt Index - Apr 2028 Fund-Reg(G),1.13,4.15,8.8,0.46,2.73,11.37,52
Baroda BNP Paribas Nifty200 Momentum 30 Index Fund-Reg(G),2024-10-15,49199,,,,0.0,,,,,,0.0,,,,,,1,,,Nifty200 Momentum 30 - TRI,Baroda BNP Paribas Nifty200 Momentum 30 Index Fund-Reg(G),17.24,0.91,1.37,0.98,9.41,16.44,104
JM Medium to Long Duration Fund-Reg(G),1995-04-01,1921,1.91,2.11,3.68,1.0,1.18,4.01,0.12,0.13,0.23,1.0,0.0,0.02,49,48,48,50,49,49,CRISIL Medium to Long Term Debt Index,JM Medium to Long Duration Fund-Reg(G),1.13,4.15,8.8,0.46,2.73,11.37,52
Sundaram Conservative Hybrid Fund(G),2010-03-08,8512,3.67,1.2,1.8,1.12,1.23,3.93,0.23,0.08,0.11,1.12,0.0,0.02,13,17,17,17,18,18,CRISIL Hybrid 85+15 - Conservative Index,Sundaram Conservative Hybrid Fund(G),3.6,1.81,2.82,0.83,4.04,8.5,19
Kotak BSE Sensex ETF,2008-06-06,5285,13.95,0.57,0.89,0.99,1.61,8.06,0.88,0.04,0.06,0.99,0.01,0.03,34,122,122,79,121,118,BSE SENSEX - TRI,Kotak BSE Sensex ETF,17.01,0.92,1.48,1.08,9.59,33.64,141
Mirae Asset Nifty 100 Low Volatility 30 ETF,2023-03-24,46810,11.57,0.97,1.69,0.7,6.78,16.05,0.73,0.06,0.11,0.7,0.03,0.06,2,61,56,12,81,69,Nifty100 Low Volatility 30 - TRI,Mirae Asset Nifty 100 Low Volatility 30 ETF,17.01,0.92,1.48,1.08,9.59,33.64,141
SBI FMP-59-1618D-Reg(G),2022-01-31,46334,0.51,1.76,2.98,0.16,0.55,5.47,0.03,0.11,0.19,0.16,0.0,0.02,44,89,90,49,89,90,CRISIL Medium to Long Term Debt Index,SBI FMP-59-1618D-Reg(G),0.58,5.03,10.51,0.18,2.24,37.0,91
Bandhan Nifty IT Index Fund-Reg(G),2023-08-31,48140,19.46,1.01,1.85,0.75,14.77,26.41,1.23,0.06,0.12,0.75,0.06,0.1,66,46,20,7,33,6,NIFTY IT - TRI,Bandhan Nifty IT Index Fund-Reg(G),17.24,0.91,1.37,0.98,9.41,16.44,104
Groww Nifty India Defence ETF FOF-Reg(G),2024-10-11,49023,,,,,,,,,,,,,,,,,,,Nifty India Defence - TRI,Groww Nifty India Defence ETF FOF-Reg(G),9.62,1.52,2.48,1.28,8.14,15.17,53
Axis CRISIL IBX SDL June 2034 Debt Index Fund-Reg(G),2024-03-21,48679,,,,,,,,,,,,,,,,,,,CRISIL IBX SDL Index - June 2034,Axis CRISIL IBX SDL June 2034 Debt Index Fund-Reg(G),2.28,2.7,5.05,1.18,2.68,5.52,21
Baroda BNP Paribas Banking and PSU Bond Fund-Reg(G),2020-12-17,44154,0.84,4.48,8.69,0.39,2.65,9.58,0.05,0.28,0.55,0.39,0.01,0.04,20,20,19,19,22,18,CRISIL Banking and PSU Debt Index,Baroda BNP Paribas Banking and PSU Bond Fund-Reg(G),0.72,5.38,10.96,0.32,2.81,13.24,26
SBI FMP-34-3682D-Reg(G),2020-05-05,44969,1.09,1.72,3.01,0.41,1.03,4.59,0.07,0.11,0.19,0.41,0.0,0.02,85,91,89,88,60,91,Crisil Long Term Debt Index,SBI FMP-34-3682D-Reg(G),0.58,5.03,10.51,0.18,2.24,37.0,91
Shriram Nifty 1D Rate Liquid ETF,2024-07-05,48953,,,,,,,,,,,,,,,,,,,Nifty 1D Rate Index,Shriram Nifty 1D Rate Liquid ETF,1.18,4.51,6.53,0.39,2.09,-26.47,22
Navi Conservative Hybrid Fund-Reg(G),2010-07-29,11886,2.44,2.07,3.55,0.29,4.13,17.54,0.15,0.13,0.22,0.29,0.02,0.07,2,6,3,1,10,1,CRISIL Hybrid 85+15 - Conservative Index,Navi Conservative Hybrid Fund-Reg(G),3.6,1.81,2.82,0.83,4.04,8.5,19
Groww Overnight Fund-Reg(G),2019-07-08,42042,0.14,8.31,11.21,0.0,1.18,-401.64,0.01,0.52,0.71,0.0,0.0,-1.59,31,30,3,4,4,27,CRISIL Liquid Overnight Index,Groww Overnight Fund-Reg(G),0.04,22.53,3.83,0.0,0.44,827.61,35
Bandhan Nifty 50 ETF,2016-10-07,34198,13.89,0.63,0.96,0.99,2.47,8.74,0.88,0.04,0.06,0.99,0.01,0.03,24,108,108,59,106,109,NIFTY 50 - TRI,Bandhan Nifty 50 ETF,17.01,0.92,1.48,1.08,9.59,33.64,141
Aditya Birla SL Retirement Fund-50-Reg(G),2019-03-11,42774,3.63,1.55,2.31,0.87,3.18,6.48,0.23,0.1,0.15,0.87,0.01,0.03,4,11,11,5,36,27,CRISIL Short Term Debt Hybrid 75+25 Index,Aditya Birla SL Retirement Fund-50-Reg(G),9.74,1.43,2.23,1.7,7.6,7.65,40
Nippon India Equity Savings Fund-Segregated Portfolio 1-(G),2019-09-25,44235,0.0,,,0.0,,,0.0,,,0.0,,,1,,,1,,,NIFTY 50 Equity Savings Index,Nippon India Equity Savings Fund-Segregated Portfolio 1-(G),8.07,1.33,2.02,1.29,7.19,8.87,53
Invesco India - Invesco Global Equity Income FoF-Reg(G),2014-05-05,24405,12.56,0.89,1.46,1.98,6.15,5.62,0.79,0.06,0.09,1.98,0.02,0.02,10,33,32,56,36,38,MSCI World Index-Net Dividend,Invesco India - Invesco Global Equity Income FoF-Reg(G),16.52,0.81,1.35,0.96,10.81,11.46,57
UTI BSE Housing Index Fund-Reg(G),2023-06-07,47964,19.19,1.02,1.53,1.05,12.47,18.65,1.21,0.06,0.1,1.05,0.05,0.07,63,42,44,74,43,43,BSE Housing - TRI,UTI BSE Housing Index Fund-Reg(G),17.24,0.91,1.37,0.98,9.41,16.44,104
Union FMP-Sr 13-Reg(G),2023-03-29,46632,0.53,6.04,13.6,0.18,2.67,17.24,0.03,0.38,0.86,0.18,0.01,0.07,48,22,28,56,50,36,CRISIL Medium Duration Debt Index,Union FMP-Sr 13-Reg(G),0.58,5.03,10.51,0.18,2.24,37.0,91
Aditya Birla SL FTP-TJ-1838D-Reg(G),2021-07-16,45628,0.65,6.2,14.42,0.18,3.5,21.82,0.04,0.39,0.91,0.18,0.01,0.09,61,19,23,55,9,30,CRISIL Medium to Long Term Debt Index,Aditya Birla SL FTP-TJ-1838D-Reg(G),0.58,5.03,10.51,0.18,2.24,37.0,91
Axis Equity ETFs FoF-Reg(G),2022-02-24,46371,12.21,0.84,1.34,1.58,5.92,6.5,0.77,0.05,0.08,1.58,0.02,0.03,7,78,76,138,85,124,NIFTY 500 - TRI,Axis Equity ETFs FoF-Reg(G),17.01,0.92,1.48,1.08,9.59,33.64,141
UTI BSE Sensex Next 50 ETF,2019-03-08,41461,17.66,1.32,2.03,0.99,16.93,23.41,1.11,0.08,0.13,0.99,0.07,0.09,99,21,18,78,25,32,BSE Sensex Next 50 - TRI,UTI BSE Sensex Next 50 ETF,17.01,0.92,1.48,1.08,9.59,33.64,141
LIC MF Money Market Fund-Reg(G),2022-08-01,46587,0.25,8.15,17.41,0.02,2.02,129.23,0.02,0.51,1.1,0.02,0.01,0.51,1,22,22,1,22,9,Nifty Money Market Index,LIC MF Money Market Fund-Reg(G),0.32,10.48,21.85,0.03,3.27,127.49,22
Aditya Birla SL FTP-UB-1224D-Reg(G),2022-12-16,47306,0.57,5.98,13.45,0.2,2.82,17.06,0.04,0.38,0.85,0.2,0.01,0.07,51,23,30,61,43,37,CRISIL Medium Duration Debt Index,Aditya Birla SL FTP-UB-1224D-Reg(G),0.58,5.03,10.51,0.18,2.24,37.0,91
Quantum Nifty 50 ETF FoF-Reg(G),2022-08-05,46655,12.27,0.7,1.16,0.69,6.63,12.35,0.77,0.04,0.07,0.69,0.03,0.05,38,47,46,17,34,18,NIFTY 50 - TRI,Quantum Nifty 50 ETF FoF-Reg(G),9.62,1.52,2.48,1.28,8.14,15.17,53
HDFC Nifty 100 ETF,2022-08-05,46003,14.6,0.78,1.16,1.02,4.91,11.21,0.92,0.05,0.07,1.02,0.02,0.04,62,85,84,92,89,88,NIFTY 100 - TRI,HDFC Nifty 100 ETF,17.01,0.92,1.48,1.08,9.59,33.64,141
Sundaram LT Tax Adv Fund-Sr IV-Reg(G),2018-06-29,39388,16.24,0.64,0.94,0.77,5.17,13.48,1.02,0.04,0.06,0.77,0.02,0.05,42,54,54,3,47,45,BSE 500,Sundaram LT Tax Adv Fund-Sr IV-Reg(G),15.04,1.12,1.66,0.9,10.62,18.62,59
Kotak Nifty India Tourism Index Fund-Reg(G),2024-09-23,49021,27.93,-12.02,-11.68,0.88,-217.98,-379.64,1.76,-0.76,-0.74,0.88,-0.86,-1.51,104,103,103,14,103,103,Nifty India Tourism Index - TRI,Kotak Nifty India Tourism Index Fund-Reg(G),17.24,0.91,1.37,0.98,9.41,16.44,104
Mirae Asset Gold ETF FoF-Reg(G),2024-10-25,49290,,,,,,,,,,,,,,,,,,,Gold-India,Mirae Asset Gold ETF FoF-Reg(G),17.5,0.93,1.44,0.21,14.13,31.92,25
HSBC Managed Solutions India-Conservative(G),2014-04-30,28311,2.22,2.17,3.35,0.86,2.37,5.62,0.14,0.14,0.21,0.86,0.01,0.02,6,6,9,22,52,47,CRISIL Composite Bond Index,HSBC Managed Solutions India-Conservative(G),9.62,1.52,2.48,1.28,8.14,15.17,53
SBI Nifty50 Equal Weight ETF,2024-07-16,48514,,,,,,,,,,,,,,,,,,,NIFTY50 Equal Weight - TRI,SBI Nifty50 Equal Weight ETF,17.01,0.92,1.48,1.08,9.59,33.64,141
Mahindra Manulife Asia Pacific REITs FOF-Reg(G),2021-10-20,45381,13.54,-0.96,-1.67,1.52,-17.39,-8.57,0.85,-0.06,-0.11,1.52,-0.07,-0.03,16,56,56,51,56,54,FTSE EPRA Nareit Asia ex Japan REITs Index,Mahindra Manulife Asia Pacific REITs FOF-Reg(G),16.52,0.81,1.35,0.96,10.81,11.46,57
UTI Nifty 10 yr Benchmark G-Sec ETF,2024-01-29,48534,,,,,,,,,,,,,,,,,,,Nifty 10 yr Benchmark G-Sec,UTI Nifty 10 yr Benchmark G-Sec ETF,1.18,4.51,6.53,0.39,2.09,-26.47,22
UTI Nifty 5 yr Benchmark G-Sec ETF,2024-01-29,48533,,,,,,,,,,,,,,,,,,,Nifty 5 yr Benchmark G-Sec Index TRI,UTI Nifty 5 yr Benchmark G-Sec ETF,1.18,4.51,6.53,0.39,2.09,-26.47,22
Bandhan Nifty Midcap 150 Index Fund-Reg(G),2024-09-19,48685,,,,,,,,,,,,,,,,,,,Nifty Midcap 150 - TRI,Bandhan Nifty Midcap 150 Index Fund-Reg(G),17.24,0.91,1.37,0.98,9.41,16.44,104
LIC MF Equity Savings Fund(G),2011-03-07,12894,6.61,0.86,1.22,0.93,3.1,6.12,0.42,0.05,0.08,0.93,0.01,0.02,23,50,50,21,47,44,NIFTY 50 Equity Savings Index,LIC MF Equity Savings Fund(G),8.07,1.33,2.02,1.29,7.19,8.87,53
Bandhan Asset Alloc FoF-Mod-Reg(G),2010-02-11,8458,6.65,1.51,2.4,0.97,7.31,10.31,0.42,0.1,0.15,0.97,0.03,0.04,22,23,20,25,28,26,NIFTY 50 Hybrid Composite Debt 50:50 Index,Bandhan Asset Alloc FoF-Mod-Reg(G),9.62,1.52,2.48,1.28,8.14,15.17,53
Kotak Nifty AAA Bond Jun 2025 HTM Index Fund-Reg(G),2024-03-28,48658,,,,,,,,,,,,,,,,,,,Nifty AAA Bond Jun 2025 HTM Index,Kotak Nifty AAA Bond Jun 2025 HTM Index Fund-Reg(G),0.72,4.88,10.41,0.29,2.43,-329.21,25
Sundaram LT Tax Adv Fund-Sr I-Reg(G),2015-03-26,30325,14.38,0.7,1.04,0.99,3.4,10.23,0.91,0.04,0.07,0.99,0.01,0.04,25,52,50,47,55,55,BSE 500,Sundaram LT Tax Adv Fund-Sr I-Reg(G),15.04,1.12,1.66,0.9,10.62,18.62,59
SBI Nifty Consumption ETF,2021-07-22,45613,13.06,1.3,2.4,0.74,12.4,22.98,0.82,0.08,0.15,0.74,0.05,0.09,10,25,12,27,54,39,Nifty India Consumption - TRI,SBI Nifty Consumption ETF,17.01,0.92,1.48,1.08,9.59,33.64,141
SBI BSE Sensex Next 50 ETF,2018-09-25,38734,17.56,1.31,2.0,0.99,16.71,23.06,1.11,0.08,0.13,0.99,0.07,0.09,91,24,20,80,27,37,BSE Sensex Next 50 - TRI,SBI BSE Sensex Next 50 ETF,17.01,0.92,1.48,1.08,9.59,33.64,141
Axis NIFTY Healthcare ETF,2021-05-17,45520,14.43,2.16,4.02,0.47,28.17,66.43,0.91,0.14,0.25,0.47,0.11,0.26,57,4,4,4,6,6,Nifty Healthcare Index - TRI,Axis NIFTY Healthcare ETF,17.01,0.92,1.48,1.08,9.59,33.64,141
Bandhan Asset Alloc FoF-Aggr-Reg(G),2010-02-11,8457,8.99,1.36,2.13,1.17,8.95,10.48,0.57,0.09,0.13,1.17,0.04,0.04,27,28,28,29,20,23,CRISIL Hybrid 35+65 - Aggressive Index,Bandhan Asset Alloc FoF-Aggr-Reg(G),9.62,1.52,2.48,1.28,8.14,15.17,53
Aditya Birla SL Financial Planning FOF Conservative Plan(G),2011-05-09,8297,6.13,1.38,2.0,1.02,5.52,8.27,0.39,0.09,0.13,1.02,0.02,0.03,17,27,31,26,38,36,CRISIL Short Term Debt Hybrid 75+25 Index,Aditya Birla SL Financial Planning FOF Conservative Plan(G),9.62,1.52,2.48,1.28,8.14,15.17,53
Baroda BNP Paribas Floater Fund-Reg(G),2023-04-26,46623,0.67,6.45,16.38,0.01,4.28,655.86,0.04,0.41,1.03,0.01,0.02,2.6,10,10,8,1,1,1,CRISIL Low Duration Debt Index,Baroda BNP Paribas Floater Fund-Reg(G),0.68,7.24,15.6,0.21,3.55,83.88,13
Motilal Oswal BSE Financials ex Bank 30 Index Fund-Reg(G),2022-07-29,46118,20.21,0.54,0.8,1.12,3.33,9.78,1.27,0.03,0.05,1.12,0.01,0.04,82,99,100,82,70,70,BSE Financials ex Bank 30 - TRI,Motilal Oswal BSE Financials ex Bank 30 Index Fund-Reg(G),17.24,0.91,1.37,0.98,9.41,16.44,104
Kotak Nifty G-Sec July 2033 Index Fund-Reg(G),2023-10-11,48255,1.82,2.75,5.01,0.97,2.24,5.17,0.11,0.17,0.32,0.97,0.01,0.02,6,12,12,9,15,12,Nifty G-Sec July 2033 Index,Kotak Nifty G-Sec July 2033 Index Fund-Reg(G),2.28,2.7,5.05,1.18,2.68,5.52,21
Kotak BSE Housing Index Fund-Reg(G),2023-08-28,48163,19.22,1.01,1.51,1.05,12.25,18.47,1.21,0.06,0.1,1.05,0.05,0.07,64,47,45,75,44,44,BSE Housing - TRI,Kotak BSE Housing Index Fund-Reg(G),17.24,0.91,1.37,0.98,9.41,16.44,104
Navi Nifty 500 Multicap 50:25:25 Index Fund-Reg(G),2024-08-01,48958,,,,,,,,,,,,,,,,,,,Nifty500 Multicap 50:25:25 - TRI,Navi Nifty 500 Multicap 50:25:25 Index Fund-Reg(G),17.24,0.91,1.37,0.98,9.41,16.44,104
Motilal Oswal BSE Quality ETF,2022-08-22,46743,16.42,0.92,1.39,0.92,9.22,16.35,1.03,0.06,0.09,0.92,0.04,0.06,71,74,70,39,67,67,BSE Quality Index - TRI,Motilal Oswal BSE Quality ETF,17.01,0.92,1.48,1.08,9.59,33.64,141
Aditya Birla SL Multi-Index FoF-Reg(G),2022-10-17,46956,12.08,1.29,1.86,1.66,10.89,9.4,0.76,0.08,0.12,1.66,0.04,0.04,35,32,34,38,12,30,NIFTY 500 - TRI,Aditya Birla SL Multi-Index FoF-Reg(G),9.62,1.52,2.48,1.28,8.14,15.17,53
Aditya Birla SL CRISIL 10 Year Gilt ETF,2024-08-13,49045,,,,,,,,,,,,,,,,,,,Crisil 10 Yr Gilt Index,Aditya Birla SL CRISIL 10 Year Gilt ETF,1.18,4.51,6.53,0.39,2.09,-26.47,22
Bandhan BSE Healthcare Index Fund-Reg(G),2024-09-06,48745,,,,,,,,,,,,,,,,,,,BSE Health Care - TRI,Bandhan BSE Healthcare Index Fund-Reg(G),17.24,0.91,1.37,0.98,9.41,16.44,104
ITI Overnight Fund-Reg(G),2019-10-24,44267,0.01,8.63,0.97,0.0,0.13,-147.87,0.0,0.54,0.06,0.0,0.0,-0.59,23,28,34,8,34,22,CRISIL Liquid Overnight Index,ITI Overnight Fund-Reg(G),0.04,22.53,3.83,0.0,0.44,827.61,35
Samco Arbitrage Fund-Reg(G),2024-11-29,49350,,,,,,,,,,,,,,,,,,,Nifty 50 Arbitrage - TRI,Samco Arbitrage Fund-Reg(G),1.0,3.22,7.18,-0.08,3.47,-39.01,26
HDFC NIFTY100 Quality 30 ETF,2022-09-23,46043,12.86,0.79,1.3,0.76,5.24,13.26,0.81,0.05,0.08,0.76,0.02,0.05,9,83,80,34,88,78,NIFTY100 Quality 30 - TRI,HDFC NIFTY100 Quality 30 ETF,17.01,0.92,1.48,1.08,9.59,33.64,141
LIC MF Childrens Fund-Reg(G),2001-10-16,2088,13.24,1.09,1.61,1.77,9.45,8.14,0.83,0.07,0.1,1.77,0.04,0.03,31,31,28,21,13,12,CRISIL Hybrid 35+65 - Aggressive Index,LIC MF Childrens Fund-Reg(G),9.74,1.43,2.23,1.7,7.6,7.65,40
Aditya Birla SL Retirement Fund-50 Plus-Debt Plan-Reg(G),2019-03-11,42778,0.76,2.66,5.69,0.36,0.98,5.54,0.05,0.17,0.36,0.36,0.0,0.02,1,3,2,2,40,35,CRISIL Short Term Bond Index,Aditya Birla SL Retirement Fund-50 Plus-Debt Plan-Reg(G),9.74,1.43,2.23,1.7,7.6,7.65,40
Franklin India Feeder - Templeton European Opportunities Fund(G),2014-05-16,26629,14.57,-0.3,-0.49,1.12,-7.28,-3.91,0.92,-0.02,-0.03,1.12,-0.03,-0.02,22,52,51,31,50,51,MSCI Europe Index (Total Return Net),Franklin India Feeder - Templeton European Opportunities Fund(G),16.52,0.81,1.35,0.96,10.81,11.46,57
HDFC BSE 500 ETF,2023-02-15,46875,14.98,0.92,1.33,1.0,7.36,13.76,0.94,0.06,0.08,1.0,0.03,0.05,67,75,78,88,78,76,BSE 500 - TRI,HDFC BSE 500 ETF,17.01,0.92,1.48,1.08,9.59,33.64,141
Mirae Asset BSE Sensex ETF,2023-09-29,48259,13.91,0.59,0.91,0.99,1.79,8.19,0.88,0.04,0.06,0.99,0.01,0.03,26,116,116,65,119,116,BSE SENSEX - TRI,Mirae Asset BSE Sensex ETF,17.01,0.92,1.48,1.08,9.59,33.64,141
Groww Gold ETF FOF-Reg(G),2024-11-06,49187,,,,,,,,,,,,,,,,,,,Gold-India,Groww Gold ETF FOF-Reg(G),15.27,1.04,1.72,0.3,14.13,-17.36,16
Bandhan Nifty 500 Momentum 50 Index Fund-Reg(G),2024-10-29,49118,,,,,,,,,,,,,,,,,,,Nifty500 Momentum 50 - TRI,Bandhan Nifty 500 Momentum 50 Index Fund-Reg(G),17.24,0.91,1.37,0.98,9.41,16.44,104
HDFC NIFTY100 Low Volatility 30 ETF,2022-10-11,46044,11.58,0.96,1.67,0.7,6.63,15.85,0.73,0.06,0.11,0.7,0.03,0.06,3,62,57,13,82,71,Nifty100 Low Volatility 30 - TRI,HDFC NIFTY100 Low Volatility 30 ETF,17.01,0.92,1.48,1.08,9.59,33.64,141
Bajaj Finserv Nifty 1D Rate Liquid ETF(G),2024-05-28,48746,,,,,,,,,,,,,,,,,,,Nifty 1D Rate Index,Bajaj Finserv Nifty 1D Rate Liquid ETF(G),1.18,4.51,6.53,0.39,2.09,-26.47,22
Axis NIFTY India Consumption ETF,2021-09-17,45820,13.06,1.3,2.39,0.74,12.27,22.88,0.82,0.08,0.15,0.74,0.05,0.09,11,26,13,17,56,40,Nifty India Consumption - TRI,Axis NIFTY India Consumption ETF,17.01,0.92,1.48,1.08,9.59,33.64,141
Navi BSE Sensex Index Fund-Reg(G),2023-09-04,48193,13.96,0.53,0.81,0.99,0.55,7.36,0.88,0.03,0.05,0.99,0.0,0.03,13,100,99,50,100,100,BSE SENSEX - TRI,Navi BSE Sensex Index Fund-Reg(G),17.24,0.91,1.37,0.98,9.41,16.44,104
Motilal Oswal Nifty MidSmall Healthcare Index Fund-Reg(G),2024-11-19,46866,,,,,,,,,,,,,,,,,,,Nifty MidSmall Healthcare - TRI,Motilal Oswal Nifty MidSmall Healthcare Index Fund-Reg(G),17.24,0.91,1.37,0.98,9.41,16.44,104
HDFC NIFTY Growth Sectors 15 ETF,2022-09-23,46047,12.69,0.68,1.3,0.64,4.56,13.51,0.8,0.04,0.08,0.64,0.02,0.05,8,90,79,10,93,77,Nifty Growth Sectors 15 - TRI,HDFC NIFTY Growth Sectors 15 ETF,17.01,0.92,1.48,1.08,9.59,33.64,141
Bandhan Nifty Bank Index Fund-Reg(G),2024-08-27,48898,,,,,,,,,,,,,,,,,,,NIFTY BANK - TRI,Bandhan Nifty Bank Index Fund-Reg(G),17.24,0.91,1.37,0.98,9.41,16.44,104
UTI Annual Interval Fund-I-(G),2007-07-18,3541,0.32,8.96,19.09,0.04,2.77,67.91,0.02,0.56,1.2,0.04,0.01,0.27,18,11,12,16,46,13,CRISIL Low Duration Debt Index,UTI Annual Interval Fund-I-(G),0.58,5.03,10.51,0.18,2.24,37.0,91
Aditya Birla SL CRISIL IBX Gilt June 2027 Index Fund-Reg(G),2024-06-05,48450,,,,,,,,,,,,,,,,,,,CRISIL IBX Gilt Index - June 2027,Aditya Birla SL CRISIL IBX Gilt June 2027 Index Fund-Reg(G),1.94,2.8,5.33,0.98,1.78,5.93,35
Sundaram LT Tax Adv Fund-Sr II-Reg(G),2016-03-21,30326,14.68,0.73,1.07,1.01,3.81,10.56,0.92,0.05,0.07,1.01,0.02,0.04,28,48,47,53,53,54,BSE 500,Sundaram LT Tax Adv Fund-Sr II-Reg(G),15.04,1.12,1.66,0.9,10.62,18.62,59
UTI Annual Interval Fund-II-(G),2007-09-24,3545,0.31,9.41,19.83,0.02,2.82,143.31,0.02,0.59,1.25,0.02,0.01,0.57,17,5,7,12,42,8,CRISIL Low Duration Debt Index,UTI Annual Interval Fund-II-(G),0.58,5.03,10.51,0.18,2.24,37.0,91
Franklin India ST Income Plan(G),2002-01-31,3402,0.0,-133.56,-78.85,0.0,-4.11,-8496.96,0.0,-8.41,-4.97,0.0,-0.02,-33.72,1,25,26,1,25,25,CRISIL Short Term Bond Index,Franklin India ST Income Plan(G),0.72,4.88,10.41,0.29,2.43,-329.21,25
Mirae Asset Nifty LargeMidcap 250 Index Fund-Reg(G),2024-10-24,48945,,,,,,,,,,,,,,,,,,,NIFTY LargeMidcap 250 - TRI,Mirae Asset Nifty LargeMidcap 250 Index Fund-Reg(G),17.24,0.91,1.37,0.98,9.41,16.44,104
Mirae Asset Nifty 50 Index Fund-Reg(G),2024-10-24,48894,,,,,,,,,,,,,,,,,,,NIFTY 50 - TRI,Mirae Asset Nifty 50 Index Fund-Reg(G),17.24,0.91,1.37,0.98,9.41,16.44,104
DSP Nifty Healthcare ETF,2024-02-01,48427,,,,,,,,,,,,,,,,,,,Nifty Healthcare Index - TRI,DSP Nifty Healthcare ETF,13.23,2.38,4.35,0.43,27.89,69.28,14
Motilal Oswal Nifty MidSmall IT and Telecom Index Fund-Reg(G),2024-11-19,46865,,,,,,,,,,,,,,,,,,,Nifty MidSmall IT & Telecom - TRI,Motilal Oswal Nifty MidSmall IT and Telecom Index Fund-Reg(G),17.24,0.91,1.37,0.98,9.41,16.44,104
Taurus Banking & Fin Serv Fund-Reg(G),2012-05-22,15063,16.94,0.43,0.63,1.05,0.2,7.01,1.07,0.03,0.04,1.05,0.0,0.03,12,14,14,12,14,14,BSE BANKEX - TRI,Taurus Banking & Fin Serv Fund-Reg(G),16.83,0.59,0.86,1.02,2.98,9.74,18
Edelweiss Nifty Bank ETF,2024-09-10,49134,,,,,,,,,,,,,,,,,,,NIFTY BANK - TRI,Edelweiss Nifty Bank ETF,17.01,0.92,1.48,1.08,9.59,33.64,141
Tata Nifty Pvt Bank ETF,2019-08-30,43854,17.11,-0.03,-0.05,1.03,-7.61,-0.55,1.08,0.0,0.0,1.03,-0.03,0.0,75,137,137,97,141,137,Nifty Private Bank - TRI,Tata Nifty Pvt Bank ETF,17.01,0.92,1.48,1.08,9.59,33.64,141
Edelweiss Nifty500 Multicap Momentum Quality 50 ETF,2024-10-31,49220,,,,,,,,,,,,,,,,,,,Nifty500 Multicap Momentum Quality 50 - TRI,Edelweiss Nifty500 Multicap Momentum Quality 50 ETF,17.01,0.92,1.48,1.08,9.59,33.64,141
Motilal Oswal Nifty MidSmall Financial Services Index Fund-Reg(G),2024-11-19,48807,,,,,,,,,,,,,,,,,,,Nifty MidSmall Financial Services - TRI,Motilal Oswal Nifty MidSmall Financial Services Index Fund-Reg(G),17.24,0.91,1.37,0.98,9.41,16.44,104
Aditya Birla SL Active Debt Multi-Mgr FoF(G),2006-12-28,2277,1.65,2.51,4.6,0.4,3.0,10.41,0.1,0.16,0.29,0.4,0.01,0.04,3,4,3,9,47,24,CRISIL Composite Bond Index,Aditya Birla SL Active Debt Multi-Mgr FoF(G),9.62,1.52,2.48,1.28,8.14,15.17,53
DSP World Agriculture Fund-Reg(G),2011-10-19,14597,11.79,0.37,0.65,1.47,-1.18,3.0,0.74,0.02,0.04,1.47,0.0,0.01,8,40,40,49,44,42,MSCI ACWI Net TRI,DSP World Agriculture Fund-Reg(G),16.52,0.81,1.35,0.96,10.81,11.46,57
Taurus Infrastructure Fund-Reg(G),2007-03-05,3308,20.89,0.86,1.2,1.17,9.9,15.25,1.32,0.05,0.08,1.17,0.04,0.06,14,18,18,17,18,18,Nifty Infrastructure - TRI,Taurus Infrastructure Fund-Reg(G),19.74,1.26,1.78,1.07,17.67,23.3,19
UTI Quarterly Interval Fund-I-(G),2007-06-15,3555,0.28,10.05,20.65,0.01,2.8,226.93,0.02,0.63,1.3,0.01,0.01,0.9,11,4,6,4,45,3,CRISIL Liquid Debt Index,UTI Quarterly Interval Fund-I-(G),0.58,5.03,10.51,0.18,2.24,37.0,91
SBI BSE 100 ETF,2015-03-20,30042,14.22,0.81,1.23,1.0,5.34,11.62,0.9,0.05,0.08,1.0,0.02,0.05,52,81,82,87,87,85,BSE 100 - TRI,SBI BSE 100 ETF,17.01,0.92,1.48,1.08,9.59,33.64,141
Nippon India Equity Hybrid Fund-Segregated Portfolio 1-(G),2019-09-25,44227,0.0,,,0.0,,,0.0,,,0.0,,,2,,,2,,,CRISIL Hybrid 35+65 - Aggressive Index,Nippon India Equity Hybrid Fund-Segregated Portfolio 1-(G),8.07,1.33,2.02,1.29,7.19,8.87,53
Baroda BNP Paribas NIFTY Bank ETF,2024-06-18,48464,,,,,,,,,,,,,,,,,,,NIFTY BANK - TRI,Baroda BNP Paribas NIFTY Bank ETF,17.01,0.92,1.48,1.08,9.59,33.64,141
Motilal Oswal Nifty MidSmall India Consumption Index Fund-Reg(G),2024-11-19,47385,,,,,,,,,,,,,,,,,,,Nifty MidSmall India Consumption - TRI,Motilal Oswal Nifty MidSmall India Consumption Index Fund-Reg(G),17.24,0.91,1.37,0.98,9.41,16.44,104
UTI Quarterly Interval Fund-III-(G),2008-08-27,6763,0.31,9.32,21.91,0.02,2.82,174.81,0.02,0.59,1.38,0.02,0.01,0.69,16,8,4,10,41,6,CRISIL Liquid Debt Index,UTI Quarterly Interval Fund-III-(G),0.58,5.03,10.51,0.18,2.24,37.0,91
Baroda BNP Paribas NIFTY Midcap 150 Index Fund-Reg(G),2024-11-04,49282,,,,,,,,,,,,,,,,,,,Nifty Midcap 150 - TRI,Baroda BNP Paribas NIFTY Midcap 150 Index Fund-Reg(G),17.24,0.91,1.37,0.98,9.41,16.44,104
DSP BSE Sensex ETF,2023-07-27,48088,13.86,0.57,0.88,0.99,1.44,7.94,0.87,0.04,0.06,0.99,0.01,0.03,23,123,123,76,123,121,BSE SENSEX - TRI,DSP BSE Sensex ETF,17.01,0.92,1.48,1.08,9.59,33.64,141
HSBC Asia Pacific (Ex Japan) DYF-Reg(G),2014-02-24,17816,15.62,0.79,1.29,1.23,8.39,10.03,0.98,0.05,0.08,1.23,0.03,0.04,29,35,36,40,33,34,MSCI Asia (ex-Japan) Standard Index,HSBC Asia Pacific (Ex Japan) DYF-Reg(G),16.52,0.81,1.35,0.96,10.81,11.46,57
Bandhan Nifty 500 Value 50 Index Fund-Reg(G),2024-10-29,48800,,,,,,,,,,,,,,,,,,,NIFTY500 Value 50 - TRI,Bandhan Nifty 500 Value 50 Index Fund-Reg(G),17.24,0.91,1.37,0.98,9.41,16.44,104
UTI Nifty Midcap 150 ETF,2023-08-30,48183,17.63,1.23,1.77,0.96,15.55,22.65,1.11,0.08,0.11,0.96,0.06,0.09,97,32,49,48,41,44,Nifty Midcap 150 - TRI,UTI Nifty Midcap 150 ETF,17.01,0.92,1.48,1.08,9.59,33.64,141
Navi Nifty 50 ETF,2023-09-18,47761,13.94,1.26,1.96,0.99,2.14,17.87,0.88,0.08,0.12,0.99,0.01,0.07,33,28,24,55,111,53,NIFTY 50 - TRI,Navi Nifty 50 ETF,17.01,0.92,1.48,1.08,9.59,33.64,141
ICICI Pru Nifty200 Value 30 ETF,2024-10-17,48946,,,,,,,,,,,,,,,,,,,Nifty200 Value 30 - TRI,ICICI Pru Nifty200 Value 30 ETF,17.01,0.92,1.48,1.08,9.59,33.64,141
Bandhan Asset Alloc FoF-Cons-Reg(G),2010-02-11,8459,3.07,1.8,2.91,0.52,4.06,10.53,0.19,0.11,0.18,0.52,0.02,0.04,10,12,14,12,43,22,CRISIL Hybrid 85+15 - Conservative Index,Bandhan Asset Alloc FoF-Cons-Reg(G),9.62,1.52,2.48,1.28,8.14,15.17,53
UTI Nifty IT ETF,2024-01-25,48249,,,,,,,,,,,,,,,,,,,NIFTY IT - TRI,UTI Nifty IT ETF,17.01,0.92,1.48,1.08,9.59,33.64,141
Navi Overnight Fund-Reg(G),2023-07-17,48071,0.14,4.71,6.47,0.0,0.68,-277.4,0.01,0.3,0.41,0.0,0.0,-1.1,33,34,8,5,7,24,CRISIL Liquid Overnight Index,Navi Overnight Fund-Reg(G),0.04,22.53,3.83,0.0,0.44,827.61,35
Kotak NIFTY India Consumption ETF,2022-07-28,45731,13.14,1.33,2.46,0.74,12.78,23.69,0.83,0.08,0.16,0.74,0.05,0.09,14,19,9,19,50,30,Nifty India Consumption - TRI,Kotak NIFTY India Consumption ETF,17.01,0.92,1.48,1.08,9.59,33.64,141
Taurus Nifty 50 Index Fund-Reg(G),2010-06-10,8151,13.85,0.55,0.84,0.98,0.96,7.79,0.87,0.03,0.05,0.98,0.0,0.03,6,95,96,36,96,96,NIFTY 50 - TRI,Taurus Nifty 50 Index Fund-Reg(G),17.24,0.91,1.37,0.98,9.41,16.44,104
Nippon India Inv-Mthly-II(G),2007-03-29,2607,0.23,7.58,16.1,0.01,1.69,123.71,0.01,0.48,1.01,0.01,0.01,0.49,6,16,16,8,56,9,CRISIL Liquid Debt Index,Nippon India Inv-Mthly-II(G),0.58,5.03,10.51,0.18,2.24,37.0,91
Nippon India Inv-Mthly-I(G),2007-03-15,2605,0.23,7.51,15.99,0.01,1.66,123.05,0.01,0.47,1.01,0.01,0.01,0.49,5,17,17,7,57,10,CRISIL Liquid Debt Index,Nippon India Inv-Mthly-I(G),0.58,5.03,10.51,0.18,2.24,37.0,91
Nippon India Inv-Annual-I(G),2007-05-03,2599,0.29,11.07,22.36,0.03,3.15,95.56,0.02,0.7,1.41,0.03,0.01,0.38,14,3,3,14,25,11,CRISIL Short Term Bond Index,Nippon India Inv-Annual-I(G),0.58,5.03,10.51,0.18,2.24,37.0,91
Nippon India Inv-Qrtly-I(G),2007-04-03,2609,0.28,8.51,19.68,0.01,2.37,198.68,0.02,0.54,1.24,0.01,0.01,0.79,12,13,8,3,54,4,CRISIL Liquid Debt Index,Nippon India Inv-Qrtly-I(G),0.58,5.03,10.51,0.18,2.24,37.0,91
Nippon India Inv-Qrtly-III(G),2007-06-06,2613,0.27,8.46,19.46,0.01,2.19,173.22,0.02,0.53,1.23,0.01,0.01,0.69,9,14,9,5,55,7,CRISIL Liquid Debt Index,Nippon India Inv-Qrtly-III(G),0.58,5.03,10.51,0.18,2.24,37.0,91
UTI Quarterly Interval Fund-II-(G),2008-07-31,6406,0.27,9.15,19.19,0.01,2.44,188.27,0.02,0.58,1.21,0.01,0.01,0.75,10,9,11,6,53,5,CRISIL Liquid Debt Index,UTI Quarterly Interval Fund-II-(G),0.58,5.03,10.51,0.18,2.24,37.0,91
Bandhan BSE Sensex ETF,2016-10-07,34197,13.79,0.56,0.86,0.99,1.46,7.74,0.87,0.04,0.05,0.99,0.01,0.03,20,124,124,57,122,122,BSE SENSEX - TRI,Bandhan BSE Sensex ETF,17.01,0.92,1.48,1.08,9.59,33.64,141
Kotak Transportation & Logistics Fund-Reg(G),2024-12-16,48943,,,,,,,,,,,,,,,,,,,Nifty Transportation & Logistics - TRI,Kotak Transportation & Logistics Fund-Reg(G),16.72,1.27,2.02,0.82,15.15,23.71,6
ICICI Pru Equity Minimum Variance Fund-Reg(G),2024-12-06,48947,,,,,,,,,,,,,,,,,,,NIFTY 50 - TRI,ICICI Pru Equity Minimum Variance Fund-Reg(G),16.34,1.16,1.75,0.88,12.2,20.19,55
Nippon India Nifty Realty Index Fund-Reg(G),2024-12-04,48948,,,,,,,,,,,,,,,,,,,NIFTY REALTY - TRI,Nippon India Nifty Realty Index Fund-Reg(G),17.24,0.91,1.37,0.98,9.41,16.44,104
Nippon India Nifty Auto Index Fund-Reg(G),2024-12-04,48949,,,,,,,,,,,,,,,,,,,NIFTY AUTO - TRI,Nippon India Nifty Auto Index Fund-Reg(G),16.72,1.27,2.02,0.82,15.15,23.71,6
Franklin India Long Duration Fund-Reg(G),2024-12-11,48950,,,,,,,,,,,,,,,,,,,CRISIL Long Duration Debt Index,Franklin India Long Duration Fund-Reg(G),2.28,2.7,5.05,1.18,2.68,5.52,21
DSP Business Cycle Fund-Reg(G),2024-12-17,48957,,,,,,,,,,,,,,,,,,,NIFTY 500 - TRI,DSP Business Cycle Fund-Reg(G),16.34,1.16,1.75,0.88,12.2,20.19,55
PGIM India Healthcare Fund-Reg(G),2024-12-06,48975,,,,,,,,,,,,,,,,,,,BSE Health Care - TRI,PGIM India Healthcare Fund-Reg(G),13.23,2.38,4.35,0.43,27.89,69.28,14
Union Active Momentum Fund-Reg(G),2024-12-19,49020,,,,,,,,,,,,,,,,,,,NIFTY 500 - TRI,Union Active Momentum Fund-Reg(G),16.34,1.16,1.75,0.88,12.2,20.19,55
Shriram Multi Sector Rotation Fund-Reg(G),2024-12-09,49112,,,,,,,,,,,,,,,,,,,NIFTY 500 - TRI,Shriram Multi Sector Rotation Fund-Reg(G),16.34,1.16,1.75,0.88,12.2,20.19,55
ICICI Pru Nifty 500 Index Fund-Reg(G),2024-12-20,49114,,,,,,,,,,,,,,,,,,,NIFTY 500 - TRI,ICICI Pru Nifty 500 Index Fund-Reg(G),17.24,0.91,1.37,0.98,9.41,16.44,104
Axis CRISIL-IBX AAA Bond NBFC-HFC - Jun 2027 Index Fund-Reg(G),2024-12-11,49126,,,,,,,,,,,,,,,,,,,CRISIL-IBX AAA NBFC-HFC Index - Jun 2027,Axis CRISIL-IBX AAA Bond NBFC-HFC - Jun 2027 Index Fund-Reg(G),0.72,4.88,10.41,0.29,2.43,-329.21,25
HDFC Nifty India Digital Index Fund-Reg(G),2024-12-11,49178,,,,,,,,,,,,,,,,,,,Nifty India Digital  - TRI,HDFC Nifty India Digital Index Fund-Reg(G),17.24,0.91,1.37,0.98,9.41,16.44,104
Quantum Ethical Fund-Reg(G),2024-12-20,49179,,,,,,,,,,,,,,,,,,,Nifty500 Shariah - TRI,Quantum Ethical Fund-Reg(G),16.34,1.16,1.75,0.88,12.2,20.19,55
Motilal Oswal Nifty Capital Market Index Fund-Reg(G),2024-12-16,49214,,,,,,,,,,,,,,,,,,,NIFTY 50 - TRI,Motilal Oswal Nifty Capital Market Index Fund-Reg(G),17.24,0.91,1.37,0.98,9.41,16.44,104
Invesco India Multi Asset Allocation Fund-Reg(G),2024-12-17,49224,,,,,,,,,,,,,,,,,,,NIFTY 200 - TRI,Invesco India Multi Asset Allocation Fund-Reg(G),9.07,1.42,2.17,1.57,8.44,12.46,17
Mirae Asset Long Duration Fund-Reg(G),2024-12-06,49233,,,,,,,,,,,,,,,,,,,CRISIL Long Duration Debt Index,Mirae Asset Long Duration Fund-Reg(G),2.28,2.7,5.05,1.18,2.68,5.52,21
Bank of India Consumption Fund-Reg(G),2024-12-20,49323,,,,,,,,,,,,,,,,,,,Nifty India Consumption - TRI,Bank of India Consumption Fund-Reg(G),12.81,1.33,2.25,0.62,12.61,25.26,16
Tata BSE Select Business Groups Index Fund-Reg(G),2024-12-12,49326,,,,,,,,,,,,,,,,,,,BSE Select Business Groups Index - TRI,Tata BSE Select Business Groups Index Fund-Reg(G),17.24,0.91,1.37,0.98,9.41,16.44,104
Aditya Birla SL BSE India Infrastructure Index Fund-Reg(G),2024-12-04,49355,,,,,,,,,,,,,,,,,,,BSE India Infrastructure Index - TRI,Aditya Birla SL BSE India Infrastructure Index Fund-Reg(G),19.74,1.26,1.78,1.07,17.67,23.3,19
UTI Nifty Alpha Low-Volatility 30 Index Fund-Reg(G),2024-11-28,49366,,,,,,,,,,,,,,,,,,,NIFTY Alpha Low-Volatility 30 - TRI,UTI Nifty Alpha Low-Volatility 30 Index Fund-Reg(G),17.24,0.91,1.37,0.98,9.41,16.44,104
UTI Nifty Midcap 150 Index Fund-Reg(G),2024-11-28,49368,,,,,,,,,,,,,,,,,,,Nifty Midcap 150 - TRI,UTI Nifty Midcap 150 Index Fund-Reg(G),17.24,0.91,1.37,0.98,9.41,16.44,104
Axis Momentum Fund-Reg(G),2024-12-12,49376,,,,,,,,,,,,,,,,,,,NIFTY 500 - TRI,Axis Momentum Fund-Reg(G),16.34,1.16,1.75,0.88,12.2,20.19,55
Bandhan Nifty 200 Quality 30 Index Fund-Reg(G),2024-12-04,49390,,,,,,,,,,,,,,,,,,,NIFTY200 Quality 30 - TRI,Bandhan Nifty 200 Quality 30 Index Fund-Reg(G),17.24,0.91,1.37,0.98,9.41,16.44,104
Groww Multicap Fund-Reg(G),2024-12-16,49400,,,,,,,,,,,,,,,,,,,Nifty500 Multicap 50:25:25 - TRI,Groww Multicap Fund-Reg(G),15.1,1.26,1.86,0.87,12.74,21.05,36
TATA FMP-61-D-91D(G),2024-12-05,49448,,,,,,,,,,,,,,,,,,,CRISIL Liquid Debt Index,TATA FMP-61-D-91D(G),0.58,5.03,10.51,0.18,2.24,37.0,91
Aditya Birla SL CRISIL-IBX Financial Services 3 to 6 Months Debt Index Fund-Reg(G),2024-12-17,49477,,,,,,,,,,,,,,,,,,,CRISIL-IBX Financial Services 3 to 6 Months Debt Index,Aditya Birla SL CRISIL-IBX Financial Services 3 to 6 Months Debt Index Fund-Reg(G),0.3,10.13,20.95,0.03,2.97,116.88,24
